season,division,historical_name,left_placement,right_placement,left_side,left_row,right_side,right_row,left_rank_cell,right_rank_cell,source_url
S1,1,KRYS,1st,4th,L,11,R,14,A11:A11,V14:V14,https://docs.google.com/spreadsheets/d/1l-FgF1TiEp2oVGihLZlb2SHJTB6mioEcuB6hxGDGbzw/edit#gid=1323020530&range=A11:V14
S1,1,MULLIGAN,1st,4th,R,11,L,14,A11:A11,V14:V14,https://docs.google.com/spreadsheets/d/1l-FgF1TiEp2oVGihLZlb2SHJTB6mioEcuB6hxGDGbzw/edit#gid=1323020530&range=A11:V14
S1,2,LEANIN2IT,1st,2nd,L,18,R,19,A18:A18,V19:V19,https://docs.google.com/spreadsheets/d/1l-FgF1TiEp2oVGihLZlb2SHJTB6mioEcuB6hxGDGbzw/edit#gid=1323020530&range=A18:V19
S1,2,YUK1N,1st,3rd,R,18,L,20,A18:A18,V20:V20,https://docs.google.com/spreadsheets/d/1l-FgF1TiEp2oVGihLZlb2SHJTB6mioEcuB6hxGDGbzw/edit#gid=1323020530&range=A18:V20
S1,2,TRICKYDICKY,2nd,3rd,L,19,R,20,A19:A19,V20:V20,https://docs.google.com/spreadsheets/d/1l-FgF1TiEp2oVGihLZlb2SHJTB6mioEcuB6hxGDGbzw/edit#gid=1323020530&range=A19:V20
S1,3,DERBY_DAZ,1st,2nd,L,25,R,26,A25:A25,V26:V26,https://docs.google.com/spreadsheets/d/1l-FgF1TiEp2oVGihLZlb2SHJTB6mioEcuB6hxGDGbzw/edit#gid=1323020530&range=A25:V26
S1,3,YODA,1st,3rd,R,25,L,27,A25:A25,V27:V27,https://docs.google.com/spreadsheets/d/1l-FgF1TiEp2oVGihLZlb2SHJTB6mioEcuB6hxGDGbzw/edit#gid=1323020530&range=A25:V27
S1,3,JAMIE,2nd,4th,L,26,R,28,A26:A26,V28:V28,https://docs.google.com/spreadsheets/d/1l-FgF1TiEp2oVGihLZlb2SHJTB6mioEcuB6hxGDGbzw/edit#gid=1323020530&range=A26:V28
S1,3,SLAPPY,3rd,4th,R,27,L,28,A27:A27,V28:V28,https://docs.google.com/spreadsheets/d/1l-FgF1TiEp2oVGihLZlb2SHJTB6mioEcuB6hxGDGbzw/edit#gid=1323020530&range=A27:V28
S1,4,Chicagobry,2nd,3rd,L,33,R,34,A33:A33,V34:V34,https://docs.google.com/spreadsheets/d/1l-FgF1TiEp2oVGihLZlb2SHJTB6mioEcuB6hxGDGbzw/edit#gid=1323020530&range=A33:V34
S1,4,Spicy,2nd,3rd,R,33,L,34,A33:A33,V34:V34,https://docs.google.com/spreadsheets/d/1l-FgF1TiEp2oVGihLZlb2SHJTB6mioEcuB6hxGDGbzw/edit#gid=1323020530&range=A33:V34
S1,5,Uropa,1st,2nd,L,39,R,40,A39:A39,V40:V40,https://docs.google.com/spreadsheets/d/1l-FgF1TiEp2oVGihLZlb2SHJTB6mioEcuB6hxGDGbzw/edit#gid=1323020530&range=A39:V40
S1,5,D3bb13,1st,3rd,R,39,L,41,A39:A39,V41:V41,https://docs.google.com/spreadsheets/d/1l-FgF1TiEp2oVGihLZlb2SHJTB6mioEcuB6hxGDGbzw/edit#gid=1323020530&range=A39:V41
S1,5,PaulV,2nd,4th,L,40,R,42,A40:A40,V42:V42,https://docs.google.com/spreadsheets/d/1l-FgF1TiEp2oVGihLZlb2SHJTB6mioEcuB6hxGDGbzw/edit#gid=1323020530&range=A40:V42
S1,5,GuyB,3rd,4th,R,41,L,42,A41:A41,V42:V42,https://docs.google.com/spreadsheets/d/1l-FgF1TiEp2oVGihLZlb2SHJTB6mioEcuB6hxGDGbzw/edit#gid=1323020530&range=A41:V42
S1,6,Shooter_Mcgavin,1st,3rd,L,46,R,48,A46:A46,V48:V48,https://docs.google.com/spreadsheets/d/1l-FgF1TiEp2oVGihLZlb2SHJTB6mioEcuB6hxGDGbzw/edit#gid=1323020530&range=A46:V48
S1,6,Mammothrept,1st,3rd,R,46,L,48,A46:A46,V48:V48,https://docs.google.com/spreadsheets/d/1l-FgF1TiEp2oVGihLZlb2SHJTB6mioEcuB6hxGDGbzw/edit#gid=1323020530&range=A46:V48
S1,6,StevieWonderful,2nd,4th,L,47,R,49,A47:A47,V49:V49,https://docs.google.com/spreadsheets/d/1l-FgF1TiEp2oVGihLZlb2SHJTB6mioEcuB6hxGDGbzw/edit#gid=1323020530&range=A47:V49
S1,6,Empzurg,2nd,4th,R,47,L,49,A47:A47,V49:V49,https://docs.google.com/spreadsheets/d/1l-FgF1TiEp2oVGihLZlb2SHJTB6mioEcuB6hxGDGbzw/edit#gid=1323020530&range=A47:V49
S1,7,Sandtrap,1st,2nd,L,53,R,54,A53:A53,V54:V54,https://docs.google.com/spreadsheets/d/1l-FgF1TiEp2oVGihLZlb2SHJTB6mioEcuB6hxGDGbzw/edit#gid=1323020530&range=A53:V54
S1,7,L7jazz,1st,3rd,R,53,L,55,A53:A53,V55:V55,https://docs.google.com/spreadsheets/d/1l-FgF1TiEp2oVGihLZlb2SHJTB6mioEcuB6hxGDGbzw/edit#gid=1323020530&range=A53:V55
S1,7,JFitz,2nd,3rd,L,54,R,55,A54:A54,V55:V55,https://docs.google.com/spreadsheets/d/1l-FgF1TiEp2oVGihLZlb2SHJTB6mioEcuB6hxGDGbzw/edit#gid=1323020530&range=A54:V55
S1,8,Skeeter,1st,2nd,L,60,R,61,A60:A60,V61:V61,https://docs.google.com/spreadsheets/d/1l-FgF1TiEp2oVGihLZlb2SHJTB6mioEcuB6hxGDGbzw/edit#gid=1323020530&range=A60:V61
S1,8,Exny_amyb,1st,2nd,R,60,L,61,A60:A60,V61:V61,https://docs.google.com/spreadsheets/d/1l-FgF1TiEp2oVGihLZlb2SHJTB6mioEcuB6hxGDGbzw/edit#gid=1323020530&range=A60:V61
S2,1,MULLIGAN,1st,3rd,L,11,R,13,A11:A11,V13:V13,https://docs.google.com/spreadsheets/d/1l-FgF1TiEp2oVGihLZlb2SHJTB6mioEcuB6hxGDGbzw/edit#gid=382041783&range=A11:V13
S2,1,YUK1N,1st,4th,R,11,L,14,A11:A11,V14:V14,https://docs.google.com/spreadsheets/d/1l-FgF1TiEp2oVGihLZlb2SHJTB6mioEcuB6hxGDGbzw/edit#gid=382041783&range=A11:V14
S2,1,BIGJA,2nd,4th,L,12,R,14,A12:A12,V14:V14,https://docs.google.com/spreadsheets/d/1l-FgF1TiEp2oVGihLZlb2SHJTB6mioEcuB6hxGDGbzw/edit#gid=382041783&range=A12:V14
S2,1,STROKELIMITREACHED,2nd,3rd,R,12,L,13,A12:A12,V13:V13,https://docs.google.com/spreadsheets/d/1l-FgF1TiEp2oVGihLZlb2SHJTB6mioEcuB6hxGDGbzw/edit#gid=382041783&range=A12:V13
S2,2,TRICKYDICKY,2nd,3rd,R,19,L,20,A19:A19,V20:V20,https://docs.google.com/spreadsheets/d/1l-FgF1TiEp2oVGihLZlb2SHJTB6mioEcuB6hxGDGbzw/edit#gid=382041783&range=A19:V20
S2,2,YODA,3rd,4th,R,20,L,21,A20:A20,V21:V21,https://docs.google.com/spreadsheets/d/1l-FgF1TiEp2oVGihLZlb2SHJTB6mioEcuB6hxGDGbzw/edit#gid=382041783&range=A20:V21
S2,3,STEWIE,1st,2nd,L,25,R,26,A25:A25,V26:V26,https://docs.google.com/spreadsheets/d/1l-FgF1TiEp2oVGihLZlb2SHJTB6mioEcuB6hxGDGbzw/edit#gid=382041783&range=A25:V26
S2,3,MAXIMUS,1st,4th,R,25,L,28,A25:A25,V28:V28,https://docs.google.com/spreadsheets/d/1l-FgF1TiEp2oVGihLZlb2SHJTB6mioEcuB6hxGDGbzw/edit#gid=382041783&range=A25:V28
S2,3,DERBY_DAZ,2nd,3rd,L,26,R,27,A26:A26,V27:V27,https://docs.google.com/spreadsheets/d/1l-FgF1TiEp2oVGihLZlb2SHJTB6mioEcuB6hxGDGbzw/edit#gid=382041783&range=A26:V27
S2,3,SLAPPY,3rd,4th,L,27,R,28,A27:A27,V28:V28,https://docs.google.com/spreadsheets/d/1l-FgF1TiEp2oVGihLZlb2SHJTB6mioEcuB6hxGDGbzw/edit#gid=382041783&range=A27:V28
S2,4,JAMIE_THE_TIGER,1st,3rd,L,32,R,34,A32:A32,V34:V34,https://docs.google.com/spreadsheets/d/1l-FgF1TiEp2oVGihLZlb2SHJTB6mioEcuB6hxGDGbzw/edit#gid=382041783&range=A32:V34
S2,4,CHICAGOBRY,1st,3rd,R,32,L,34,A32:A32,V34:V34,https://docs.google.com/spreadsheets/d/1l-FgF1TiEp2oVGihLZlb2SHJTB6mioEcuB6hxGDGbzw/edit#gid=382041783&range=A32:V34
S2,5,GuyB,2nd,3rd,R,40,L,41,A40:A40,V41:V41,https://docs.google.com/spreadsheets/d/1l-FgF1TiEp2oVGihLZlb2SHJTB6mioEcuB6hxGDGbzw/edit#gid=382041783&range=A40:V41
S2,5,Mammothrept,3rd,4th,R,41,L,42,A41:A41,V42:V42,https://docs.google.com/spreadsheets/d/1l-FgF1TiEp2oVGihLZlb2SHJTB6mioEcuB6hxGDGbzw/edit#gid=382041783&range=A41:V42
S2,6,Shooter_Mcgavin,1st,3rd,R,46,L,48,A46:A46,V48:V48,https://docs.google.com/spreadsheets/d/1l-FgF1TiEp2oVGihLZlb2SHJTB6mioEcuB6hxGDGbzw/edit#gid=382041783&range=A46:V48
S2,6,Empzurg,2nd,3rd,L,47,R,48,A47:A47,V48:V48,https://docs.google.com/spreadsheets/d/1l-FgF1TiEp2oVGihLZlb2SHJTB6mioEcuB6hxGDGbzw/edit#gid=382041783&range=A47:V48
S2,6,L7jazz,2nd,4th,R,47,L,49,A47:A47,V49:V49,https://docs.google.com/spreadsheets/d/1l-FgF1TiEp2oVGihLZlb2SHJTB6mioEcuB6hxGDGbzw/edit#gid=382041783&range=A47:V49
S3,1,YUK1N,2nd,3rd,L,12,R,13,A12:A12,AB13:AB13,https://docs.google.com/spreadsheets/d/1l-FgF1TiEp2oVGihLZlb2SHJTB6mioEcuB6hxGDGbzw/edit#gid=1851245356&range=A12:AB13
S3,1,STROKELIMITREACHED,2nd,3rd,R,12,L,13,A12:A12,AB13:AB13,https://docs.google.com/spreadsheets/d/1l-FgF1TiEp2oVGihLZlb2SHJTB6mioEcuB6hxGDGbzw/edit#gid=1851245356&range=A12:AB13
S3,2,BIGJA,1st,2nd,L,18,R,19,A18:A18,AB19:AB19,https://docs.google.com/spreadsheets/d/1l-FgF1TiEp2oVGihLZlb2SHJTB6mioEcuB6hxGDGbzw/edit#gid=1851245356&range=A18:AB19
S3,2,TRICKYDICKY,1st,3rd,R,18,L,20,A18:A18,AB20:AB20,https://docs.google.com/spreadsheets/d/1l-FgF1TiEp2oVGihLZlb2SHJTB6mioEcuB6hxGDGbzw/edit#gid=1851245356&range=A18:AB20
S3,2,YODA,2nd,4th,L,19,R,21,A19:A19,AB21:AB21,https://docs.google.com/spreadsheets/d/1l-FgF1TiEp2oVGihLZlb2SHJTB6mioEcuB6hxGDGbzw/edit#gid=1851245356&range=A19:AB21
S3,2,MAXIMUS,3rd,4th,R,20,L,21,A20:A20,AB21:AB21,https://docs.google.com/spreadsheets/d/1l-FgF1TiEp2oVGihLZlb2SHJTB6mioEcuB6hxGDGbzw/edit#gid=1851245356&range=A20:AB21
S3,3,CHICAGOBRY,1st,3rd,R,25,L,27,A25:A25,AB27:AB27,https://docs.google.com/spreadsheets/d/1l-FgF1TiEp2oVGihLZlb2SHJTB6mioEcuB6hxGDGbzw/edit#gid=1851245356&range=A25:AB27
S3,3,DERBY_DAZ,2nd,3rd,L,26,R,27,A26:A26,AB27:AB27,https://docs.google.com/spreadsheets/d/1l-FgF1TiEp2oVGihLZlb2SHJTB6mioEcuB6hxGDGbzw/edit#gid=1851245356&range=A26:AB27
S3,3,SLAPPY,2nd,4th,R,26,L,28,A26:A26,AB28:AB28,https://docs.google.com/spreadsheets/d/1l-FgF1TiEp2oVGihLZlb2SHJTB6mioEcuB6hxGDGbzw/edit#gid=1851245356&range=A26:AB28
S3,4,SPICY,1st,2nd,R,32,L,33,A32:A32,AB33:AB33,https://docs.google.com/spreadsheets/d/1l-FgF1TiEp2oVGihLZlb2SHJTB6mioEcuB6hxGDGbzw/edit#gid=1851245356&range=A32:AB33
S3,4,CHIPNPUTT,2nd,4th,R,33,L,35,A33:A33,AB35:AB35,https://docs.google.com/spreadsheets/d/1l-FgF1TiEp2oVGihLZlb2SHJTB6mioEcuB6hxGDGbzw/edit#gid=1851245356&range=A33:AB35
S3,5,L7JAZZ,1st,3rd,L,39,R,41,A39:A39,AB41:AB41,https://docs.google.com/spreadsheets/d/1l-FgF1TiEp2oVGihLZlb2SHJTB6mioEcuB6hxGDGbzw/edit#gid=1851245356&range=A39:AB41
S3,5,EMPZURG,1st,3rd,R,39,L,41,A39:A39,AB41:AB41,https://docs.google.com/spreadsheets/d/1l-FgF1TiEp2oVGihLZlb2SHJTB6mioEcuB6hxGDGbzw/edit#gid=1851245356&range=A39:AB41
S3,5,SHOOTER MCGAVIN,2nd,4th,L,40,R,42,A40:A40,AB42:AB42,https://docs.google.com/spreadsheets/d/1l-FgF1TiEp2oVGihLZlb2SHJTB6mioEcuB6hxGDGbzw/edit#gid=1851245356&range=A40:AB42
S3,5,MAMMOTHREPT,2nd,4th,R,40,L,42,A40:A40,AB42:AB42,https://docs.google.com/spreadsheets/d/1l-FgF1TiEp2oVGihLZlb2SHJTB6mioEcuB6hxGDGbzw/edit#gid=1851245356&range=A40:AB42
S3,7,FRYLOCK,1st,3rd,L,53,R,55,A53:A53,AB55:AB55,https://docs.google.com/spreadsheets/d/1l-FgF1TiEp2oVGihLZlb2SHJTB6mioEcuB6hxGDGbzw/edit#gid=1851245356&range=A53:AB55
S3,7,CATHY G,1st,4th,R,53,L,56,A53:A53,AB56:AB56,https://docs.google.com/spreadsheets/d/1l-FgF1TiEp2oVGihLZlb2SHJTB6mioEcuB6hxGDGbzw/edit#gid=1851245356&range=A53:AB56
S3,7,MUSICAL_ATV,3rd,4th,L,55,R,56,A55:A55,AB56:AB56,https://docs.google.com/spreadsheets/d/1l-FgF1TiEp2oVGihLZlb2SHJTB6mioEcuB6hxGDGbzw/edit#gid=1851245356&range=A55:AB56
S4,3,DERBY_DAZ,1st,2nd,L,25,R,26,A25:A25,AB26:AB26,https://docs.google.com/spreadsheets/d/1l-FgF1TiEp2oVGihLZlb2SHJTB6mioEcuB6hxGDGbzw/edit#gid=12121589&range=A25:AB26
S4,3,CHIPNPUTT,1st,3rd,R,25,L,27,A25:A25,AB27:AB27,https://docs.google.com/spreadsheets/d/1l-FgF1TiEp2oVGihLZlb2SHJTB6mioEcuB6hxGDGbzw/edit#gid=12121589&range=A25:AB27
S4,3,SPICY,2nd,3rd,L,26,R,27,A26:A26,AB27:AB27,https://docs.google.com/spreadsheets/d/1l-FgF1TiEp2oVGihLZlb2SHJTB6mioEcuB6hxGDGbzw/edit#gid=12121589&range=A26:AB27
S4,6,MUSICAL_ATV,2nd,3rd,L,47,R,48,A47:A47,AB48:AB48,https://docs.google.com/spreadsheets/d/1l-FgF1TiEp2oVGihLZlb2SHJTB6mioEcuB6hxGDGbzw/edit#gid=12121589&range=A47:AB48
S4,6,RAY-OF-SUNSHINE,2nd,3rd,R,47,L,48,A47:A47,AB48:AB48,https://docs.google.com/spreadsheets/d/1l-FgF1TiEp2oVGihLZlb2SHJTB6mioEcuB6hxGDGbzw/edit#gid=12121589&range=A47:AB48
s5,1,MULLIGAN,1st,2nd,L,11,R,12,A11:A11,AB12:AB12,https://docs.google.com/spreadsheets/d/1l-FgF1TiEp2oVGihLZlb2SHJTB6mioEcuB6hxGDGbzw/edit#gid=663651584&range=A11:AB12
s5,1,SLAPPY,1st,4th,R,11,L,14,A11:A11,AB14:AB14,https://docs.google.com/spreadsheets/d/1l-FgF1TiEp2oVGihLZlb2SHJTB6mioEcuB6hxGDGbzw/edit#gid=663651584&range=A11:AB14
s5,1,BIGJA,2nd,3rd,L,12,R,13,A12:A12,AB13:AB13,https://docs.google.com/spreadsheets/d/1l-FgF1TiEp2oVGihLZlb2SHJTB6mioEcuB6hxGDGbzw/edit#gid=663651584&range=A12:AB13
s5,1,MAXIMUS,3rd,4th,L,13,R,14,A13:A13,AB14:AB14,https://docs.google.com/spreadsheets/d/1l-FgF1TiEp2oVGihLZlb2SHJTB6mioEcuB6hxGDGbzw/edit#gid=663651584&range=A13:AB14
s5,2,YODA,1st,2nd,L,18,R,19,A18:A18,AB19:AB19,https://docs.google.com/spreadsheets/d/1l-FgF1TiEp2oVGihLZlb2SHJTB6mioEcuB6hxGDGbzw/edit#gid=663651584&range=A18:AB19
s5,2,DERBY_DAZ,1st,3rd,R,18,L,20,A18:A18,AB20:AB20,https://docs.google.com/spreadsheets/d/1l-FgF1TiEp2oVGihLZlb2SHJTB6mioEcuB6hxGDGbzw/edit#gid=663651584&range=A18:AB20
s5,2,CHIPNPUTT,2nd,3rd,L,19,R,20,A19:A19,AB20:AB20,https://docs.google.com/spreadsheets/d/1l-FgF1TiEp2oVGihLZlb2SHJTB6mioEcuB6hxGDGbzw/edit#gid=663651584&range=A19:AB20
s5,3,EMPZURG,1st,3rd,L,25,R,27,A25:A25,AB27:AB27,https://docs.google.com/spreadsheets/d/1l-FgF1TiEp2oVGihLZlb2SHJTB6mioEcuB6hxGDGbzw/edit#gid=663651584&range=A25:AB27
s5,3,SHOOTER_MCGAVIN,1st,4th,R,25,L,28,A25:A25,AB28:AB28,https://docs.google.com/spreadsheets/d/1l-FgF1TiEp2oVGihLZlb2SHJTB6mioEcuB6hxGDGbzw/edit#gid=663651584&range=A25:AB28
s5,4,EVILARVE,2nd,3rd,L,33,R,34,A33:A33,AB34:AB34,https://docs.google.com/spreadsheets/d/1l-FgF1TiEp2oVGihLZlb2SHJTB6mioEcuB6hxGDGbzw/edit#gid=663651584&range=A33:AB34
s5,4,FRYLOCK,2nd,4th,R,33,L,35,A33:A33,AB35:AB35,https://docs.google.com/spreadsheets/d/1l-FgF1TiEp2oVGihLZlb2SHJTB6mioEcuB6hxGDGbzw/edit#gid=663651584&range=A33:AB35
s5,4,SKEETER,3rd,4th,L,34,R,35,A34:A34,AB35:AB35,https://docs.google.com/spreadsheets/d/1l-FgF1TiEp2oVGihLZlb2SHJTB6mioEcuB6hxGDGbzw/edit#gid=663651584&range=A34:AB35
s5,5,RAY-OF-SUNSHINE,1st,2nd,L,39,R,40,A39:A39,AB40:AB40,https://docs.google.com/spreadsheets/d/1l-FgF1TiEp2oVGihLZlb2SHJTB6mioEcuB6hxGDGbzw/edit#gid=663651584&range=A39:AB40
s5,5,WILMA_FINGERDOO,1st,3rd,R,39,L,41,A39:A39,AB41:AB41,https://docs.google.com/spreadsheets/d/1l-FgF1TiEp2oVGihLZlb2SHJTB6mioEcuB6hxGDGbzw/edit#gid=663651584&range=A39:AB41
s5,5,MUSICAL_ATV,2nd,3rd,L,40,R,41,A40:A40,AB41:AB41,https://docs.google.com/spreadsheets/d/1l-FgF1TiEp2oVGihLZlb2SHJTB6mioEcuB6hxGDGbzw/edit#gid=663651584&range=A40:AB41
s5,6,KYLE,2nd,3rd,L,47,R,48,A47:A47,AB48:AB48,https://docs.google.com/spreadsheets/d/1l-FgF1TiEp2oVGihLZlb2SHJTB6mioEcuB6hxGDGbzw/edit#gid=663651584&range=A47:AB48
s5,6,SANDTRAP,2nd,3rd,R,47,L,48,A47:A47,AB48:AB48,https://docs.google.com/spreadsheets/d/1l-FgF1TiEp2oVGihLZlb2SHJTB6mioEcuB6hxGDGbzw/edit#gid=663651584&range=A47:AB48
S6,1,MULLIGAN,1st,4th,L,4,R,7,A4:A4,AB7:AB7,https://docs.google.com/spreadsheets/d/1l-FgF1TiEp2oVGihLZlb2SHJTB6mioEcuB6hxGDGbzw/edit#gid=606543101&range=A4:AB7
S6,1,BIGJA,1st,2nd,R,4,L,5,A4:A4,AB5:AB5,https://docs.google.com/spreadsheets/d/1l-FgF1TiEp2oVGihLZlb2SHJTB6mioEcuB6hxGDGbzw/edit#gid=606543101&range=A4:AB5
S6,1,DERBY_DAZ,2nd,3rd,R,5,L,6,A5:A5,AB6:AB6,https://docs.google.com/spreadsheets/d/1l-FgF1TiEp2oVGihLZlb2SHJTB6mioEcuB6hxGDGbzw/edit#gid=606543101&range=A5:AB6
S6,1,YODA,3rd,4th,R,6,L,7,A6:A6,AB7:AB7,https://docs.google.com/spreadsheets/d/1l-FgF1TiEp2oVGihLZlb2SHJTB6mioEcuB6hxGDGbzw/edit#gid=606543101&range=A6:AB7
S6,2,CHIPNPUTT,1st,4th,L,11,R,14,A11:A11,AB14:AB14,https://docs.google.com/spreadsheets/d/1l-FgF1TiEp2oVGihLZlb2SHJTB6mioEcuB6hxGDGbzw/edit#gid=606543101&range=A11:AB14
S6,2,SPICY,1st,2nd,R,11,L,12,A11:A11,AB12:AB12,https://docs.google.com/spreadsheets/d/1l-FgF1TiEp2oVGihLZlb2SHJTB6mioEcuB6hxGDGbzw/edit#gid=606543101&range=A11:AB12
S6,2,SHOOTER_MCGAVIN,2nd,3rd,R,12,L,13,A12:A12,AB13:AB13,https://docs.google.com/spreadsheets/d/1l-FgF1TiEp2oVGihLZlb2SHJTB6mioEcuB6hxGDGbzw/edit#gid=606543101&range=A12:AB13
S6,2,MAMMOTHREPT,3rd,4th,R,13,L,14,A13:A13,AB14:AB14,https://docs.google.com/spreadsheets/d/1l-FgF1TiEp2oVGihLZlb2SHJTB6mioEcuB6hxGDGbzw/edit#gid=606543101&range=A13:AB14
S6,5,DARLAVA,1st,2nd,L,32,R,33,A32:A32,AB33:AB33,https://docs.google.com/spreadsheets/d/1l-FgF1TiEp2oVGihLZlb2SHJTB6mioEcuB6hxGDGbzw/edit#gid=606543101&range=A32:AB33
S6,5,SANDTRAP,1st,2nd,R,32,L,33,A32:A32,AB33:AB33,https://docs.google.com/spreadsheets/d/1l-FgF1TiEp2oVGihLZlb2SHJTB6mioEcuB6hxGDGbzw/edit#gid=606543101&range=A32:AB33
S6,6,SKORPZZ,1st,3rd,L,39,R,41,A39:A39,AB41:AB41,https://docs.google.com/spreadsheets/d/1l-FgF1TiEp2oVGihLZlb2SHJTB6mioEcuB6hxGDGbzw/edit#gid=606543101&range=A39:AB41
S6,6,EARTHLING,1st,3rd,R,39,L,41,A39:A39,AB41:AB41,https://docs.google.com/spreadsheets/d/1l-FgF1TiEp2oVGihLZlb2SHJTB6mioEcuB6hxGDGbzw/edit#gid=606543101&range=A39:AB41
S7,1,BIGJA,1st,2nd,L,4,R,5,A4:A4,AB5:AB5,https://docs.google.com/spreadsheets/d/1l-FgF1TiEp2oVGihLZlb2SHJTB6mioEcuB6hxGDGbzw/edit#gid=263109864&range=A4:AB5
S7,1,DERBY_DAZ,1st,2nd,R,4,L,5,A4:A4,AB5:AB5,https://docs.google.com/spreadsheets/d/1l-FgF1TiEp2oVGihLZlb2SHJTB6mioEcuB6hxGDGbzw/edit#gid=263109864&range=A4:AB5
S7,1,YODA,3rd,4th,L,6,R,7,A6:A6,AB7:AB7,https://docs.google.com/spreadsheets/d/1l-FgF1TiEp2oVGihLZlb2SHJTB6mioEcuB6hxGDGbzw/edit#gid=263109864&range=A6:AB7
S7,1,SPICY,3rd,4th,R,6,L,7,A6:A6,AB7:AB7,https://docs.google.com/spreadsheets/d/1l-FgF1TiEp2oVGihLZlb2SHJTB6mioEcuB6hxGDGbzw/edit#gid=263109864&range=A6:AB7
S7,2,MULLIGAN,1st,4th,L,11,R,14,A11:A11,AB14:AB14,https://docs.google.com/spreadsheets/d/1l-FgF1TiEp2oVGihLZlb2SHJTB6mioEcuB6hxGDGbzw/edit#gid=263109864&range=A11:AB14
S7,2,SHOOTER_MCGAVIN,1st,2nd,R,11,L,12,A11:A11,AB12:AB12,https://docs.google.com/spreadsheets/d/1l-FgF1TiEp2oVGihLZlb2SHJTB6mioEcuB6hxGDGbzw/edit#gid=263109864&range=A11:AB12
S7,2,MAMMOTHREPT,2nd,3rd,R,12,L,13,A12:A12,AB13:AB13,https://docs.google.com/spreadsheets/d/1l-FgF1TiEp2oVGihLZlb2SHJTB6mioEcuB6hxGDGbzw/edit#gid=263109864&range=A12:AB13
S7,2,SJ,3rd,4th,R,13,L,14,A13:A13,AB14:AB14,https://docs.google.com/spreadsheets/d/1l-FgF1TiEp2oVGihLZlb2SHJTB6mioEcuB6hxGDGbzw/edit#gid=263109864&range=A13:AB14
S7,3,EVILARVAE,3rd,4th,L,20,R,21,A20:A20,AB21:AB21,https://docs.google.com/spreadsheets/d/1l-FgF1TiEp2oVGihLZlb2SHJTB6mioEcuB6hxGDGbzw/edit#gid=263109864&range=A20:AB21
S7,3,RAY-OF-SUNSHINE,3rd,4th,R,20,L,21,A20:A20,AB21:AB21,https://docs.google.com/spreadsheets/d/1l-FgF1TiEp2oVGihLZlb2SHJTB6mioEcuB6hxGDGbzw/edit#gid=263109864&range=A20:AB21
S7,4,SKEETER,1st,4th,L,25,R,28,A25:A25,AB28:AB28,https://docs.google.com/spreadsheets/d/1l-FgF1TiEp2oVGihLZlb2SHJTB6mioEcuB6hxGDGbzw/edit#gid=263109864&range=A25:AB28
S7,4,MUSICAL_ATV,1st,2nd,R,25,L,26,A25:A25,AB26:AB26,https://docs.google.com/spreadsheets/d/1l-FgF1TiEp2oVGihLZlb2SHJTB6mioEcuB6hxGDGbzw/edit#gid=263109864&range=A25:AB26
S7,4,EARTHLING,2nd,4th,R,26,L,28,A26:A26,AB28:AB28,https://docs.google.com/spreadsheets/d/1l-FgF1TiEp2oVGihLZlb2SHJTB6mioEcuB6hxGDGbzw/edit#gid=263109864&range=A26:AB28
S7,5,DARLAVA,1st,2nd,L,32,R,33,A32:A32,AB33:AB33,https://docs.google.com/spreadsheets/d/1l-FgF1TiEp2oVGihLZlb2SHJTB6mioEcuB6hxGDGbzw/edit#gid=263109864&range=A32:AB33
S7,5,WICKEDSHACK,1st,4th,R,32,L,35,A32:A32,AB35:AB35,https://docs.google.com/spreadsheets/d/1l-FgF1TiEp2oVGihLZlb2SHJTB6mioEcuB6hxGDGbzw/edit#gid=263109864&range=A32:AB35
S7,5,SARAHLYNN727,2nd,3rd,L,33,R,34,A33:A33,AB34:AB34,https://docs.google.com/spreadsheets/d/1l-FgF1TiEp2oVGihLZlb2SHJTB6mioEcuB6hxGDGbzw/edit#gid=263109864&range=A33:AB34
S7,5,SKORPZZ,3rd,4th,L,34,R,35,A34:A34,AB35:AB35,https://docs.google.com/spreadsheets/d/1l-FgF1TiEp2oVGihLZlb2SHJTB6mioEcuB6hxGDGbzw/edit#gid=263109864&range=A34:AB35
s8,1,DERBY_DAZ,1st,2nd,L,4,R,5,A4:A4,AB5:AB5,https://docs.google.com/spreadsheets/d/1l-FgF1TiEp2oVGihLZlb2SHJTB6mioEcuB6hxGDGbzw/edit#gid=1325943840&range=A4:AB5
s8,1,BIGJA,1st,2nd,R,4,L,5,A4:A4,AB5:AB5,https://docs.google.com/spreadsheets/d/1l-FgF1TiEp2oVGihLZlb2SHJTB6mioEcuB6hxGDGbzw/edit#gid=1325943840&range=A4:AB5
s8,1,SPICY,3rd,4th,L,6,R,7,A6:A6,AB7:AB7,https://docs.google.com/spreadsheets/d/1l-FgF1TiEp2oVGihLZlb2SHJTB6mioEcuB6hxGDGbzw/edit#gid=1325943840&range=A6:AB7
s8,1,MAMMOTHREPT,3rd,4th,R,6,L,7,A6:A6,AB7:AB7,https://docs.google.com/spreadsheets/d/1l-FgF1TiEp2oVGihLZlb2SHJTB6mioEcuB6hxGDGbzw/edit#gid=1325943840&range=A6:AB7
s8,2,SJ,2nd,3rd,L,12,R,13,A12:A12,AB13:AB13,https://docs.google.com/spreadsheets/d/1l-FgF1TiEp2oVGihLZlb2SHJTB6mioEcuB6hxGDGbzw/edit#gid=1325943840&range=A12:AB13
s8,2,CHIPNPUTT,2nd,3rd,R,12,L,13,A12:A12,AB13:AB13,https://docs.google.com/spreadsheets/d/1l-FgF1TiEp2oVGihLZlb2SHJTB6mioEcuB6hxGDGbzw/edit#gid=1325943840&range=A12:AB13
s8,3,RAY-OF-SUNSHINE,1st,2nd,L,18,R,19,A18:A18,AB19:AB19,https://docs.google.com/spreadsheets/d/1l-FgF1TiEp2oVGihLZlb2SHJTB6mioEcuB6hxGDGbzw/edit#gid=1325943840&range=A18:AB19
s8,3,WICKEDSHACK,1st,4th,R,18,L,21,A18:A18,AB21:AB21,https://docs.google.com/spreadsheets/d/1l-FgF1TiEp2oVGihLZlb2SHJTB6mioEcuB6hxGDGbzw/edit#gid=1325943840&range=A18:AB21
s8,3,MUSICAL_ATV,2nd,3rd,L,19,R,20,A19:A19,AB20:AB20,https://docs.google.com/spreadsheets/d/1l-FgF1TiEp2oVGihLZlb2SHJTB6mioEcuB6hxGDGbzw/edit#gid=1325943840&range=A19:AB20
s8,3,SKEETER,3rd,4th,L,20,R,21,A20:A20,AB21:AB21,https://docs.google.com/spreadsheets/d/1l-FgF1TiEp2oVGihLZlb2SHJTB6mioEcuB6hxGDGbzw/edit#gid=1325943840&range=A20:AB21
s8,4,DARLAVA,1st,4th,L,25,R,28,A25:A25,AB28:AB28,https://docs.google.com/spreadsheets/d/1l-FgF1TiEp2oVGihLZlb2SHJTB6mioEcuB6hxGDGbzw/edit#gid=1325943840&range=A25:AB28
s8,4,PAULV,1st,3rd,R,25,L,27,A25:A25,AB27:AB27,https://docs.google.com/spreadsheets/d/1l-FgF1TiEp2oVGihLZlb2SHJTB6mioEcuB6hxGDGbzw/edit#gid=1325943840&range=A25:AB27
s8,4,KD,3rd,4th,R,27,L,28,A27:A27,AB28:AB28,https://docs.google.com/spreadsheets/d/1l-FgF1TiEp2oVGihLZlb2SHJTB6mioEcuB6hxGDGbzw/edit#gid=1325943840&range=A27:AB28
s9,1,MAMMOTHREPT,3rd,4th,L,6,R,7,A6:A6,AB7:AB7,https://docs.google.com/spreadsheets/d/1l-FgF1TiEp2oVGihLZlb2SHJTB6mioEcuB6hxGDGbzw/edit#gid=148209357&range=A6:AB7
s9,1,YODA,3rd,4th,R,6,L,7,A6:A6,AB7:AB7,https://docs.google.com/spreadsheets/d/1l-FgF1TiEp2oVGihLZlb2SHJTB6mioEcuB6hxGDGbzw/edit#gid=148209357&range=A6:AB7
s9,2,CHIPNPUTT,1st,2nd,L,11,R,12,A11:A11,AB12:AB12,https://docs.google.com/spreadsheets/d/1l-FgF1TiEp2oVGihLZlb2SHJTB6mioEcuB6hxGDGbzw/edit#gid=148209357&range=A11:AB12
s9,2,WICKEDSHACK,1st,3rd,R,11,L,13,A11:A11,AB13:AB13,https://docs.google.com/spreadsheets/d/1l-FgF1TiEp2oVGihLZlb2SHJTB6mioEcuB6hxGDGbzw/edit#gid=148209357&range=A11:AB13
s9,2,RAY-OF-SUNSHINE,3rd,4th,R,13,L,14,A13:A13,AB14:AB14,https://docs.google.com/spreadsheets/d/1l-FgF1TiEp2oVGihLZlb2SHJTB6mioEcuB6hxGDGbzw/edit#gid=148209357&range=A13:AB14
s9,3,PAULV,1st,2nd,L,18,R,19,A18:A18,AB19:AB19,https://docs.google.com/spreadsheets/d/1l-FgF1TiEp2oVGihLZlb2SHJTB6mioEcuB6hxGDGbzw/edit#gid=148209357&range=A18:AB19
s9,3,KD,1st,4th,R,18,L,21,A18:A18,AB21:AB21,https://docs.google.com/spreadsheets/d/1l-FgF1TiEp2oVGihLZlb2SHJTB6mioEcuB6hxGDGbzw/edit#gid=148209357&range=A18:AB21
s9,3,SKEETER,2nd,4th,L,19,R,21,A19:A19,AB21:AB21,https://docs.google.com/spreadsheets/d/1l-FgF1TiEp2oVGihLZlb2SHJTB6mioEcuB6hxGDGbzw/edit#gid=148209357&range=A19:AB21
s9,4,MAMABEAR2002,1st,3rd,L,25,R,27,A25:A25,AB27:AB27,https://docs.google.com/spreadsheets/d/1l-FgF1TiEp2oVGihLZlb2SHJTB6mioEcuB6hxGDGbzw/edit#gid=148209357&range=A25:AB27
s9,4,GATORSFAN89,1st,2nd,R,25,L,26,A25:A25,AB26:AB26,https://docs.google.com/spreadsheets/d/1l-FgF1TiEp2oVGihLZlb2SHJTB6mioEcuB6hxGDGbzw/edit#gid=148209357&range=A25:AB26
s9,4,AUDREY,2nd,3rd,R,26,L,27,A26:A26,AB27:AB27,https://docs.google.com/spreadsheets/d/1l-FgF1TiEp2oVGihLZlb2SHJTB6mioEcuB6hxGDGbzw/edit#gid=148209357&range=A26:AB27
s10,1,YODA,3rd,4th,L,6,R,7,A6:A6,AB7:AB7,https://docs.google.com/spreadsheets/d/1l-FgF1TiEp2oVGihLZlb2SHJTB6mioEcuB6hxGDGbzw/edit#gid=1130581268&range=A6:AB7
s10,1,WICKEDSHACK,3rd,4th,R,6,L,7,A6:A6,AB7:AB7,https://docs.google.com/spreadsheets/d/1l-FgF1TiEp2oVGihLZlb2SHJTB6mioEcuB6hxGDGbzw/edit#gid=1130581268&range=A6:AB7
s10,2,KD,3rd,4th,L,13,R,14,A13:A13,AB14:AB14,https://docs.google.com/spreadsheets/d/1l-FgF1TiEp2oVGihLZlb2SHJTB6mioEcuB6hxGDGbzw/edit#gid=1130581268&range=A13:AB14
s10,2,PAULV,3rd,4th,R,13,L,14,A13:A13,AB14:AB14,https://docs.google.com/spreadsheets/d/1l-FgF1TiEp2oVGihLZlb2SHJTB6mioEcuB6hxGDGbzw/edit#gid=1130581268&range=A13:AB14
s10,3,SKEETER,2nd,3rd,L,19,R,20,A19:A19,AB20:AB20,https://docs.google.com/spreadsheets/d/1l-FgF1TiEp2oVGihLZlb2SHJTB6mioEcuB6hxGDGbzw/edit#gid=1130581268&range=A19:AB20
s10,3,AUDREY,2nd,4th,R,19,L,21,A19:A19,AB21:AB21,https://docs.google.com/spreadsheets/d/1l-FgF1TiEp2oVGihLZlb2SHJTB6mioEcuB6hxGDGbzw/edit#gid=1130581268&range=A19:AB21
s10,4,WILL,1st,3rd,R,25,L,27,A25:A25,AB27:AB27,https://docs.google.com/spreadsheets/d/1l-FgF1TiEp2oVGihLZlb2SHJTB6mioEcuB6hxGDGbzw/edit#gid=1130581268&range=A25:AB27
s10,4,SHANNON/OLIVEOWL,2nd,3rd,L,26,R,27,A26:A26,AB27:AB27,https://docs.google.com/spreadsheets/d/1l-FgF1TiEp2oVGihLZlb2SHJTB6mioEcuB6hxGDGbzw/edit#gid=1130581268&range=A26:AB27
s10,4,GREATSEER,2nd,4th,R,26,L,28,A26:A26,AB28:AB28,https://docs.google.com/spreadsheets/d/1l-FgF1TiEp2oVGihLZlb2SHJTB6mioEcuB6hxGDGbzw/edit#gid=1130581268&range=A26:AB28
s10,5,CANDYMAN,2nd,4th,L,33,R,35,A33:A33,AB35:AB35,https://docs.google.com/spreadsheets/d/1l-FgF1TiEp2oVGihLZlb2SHJTB6mioEcuB6hxGDGbzw/edit#gid=1130581268&range=A33:AB35
s10,5,SKORPZZ,2nd,3rd,R,33,L,34,A33:A33,AB34:AB34,https://docs.google.com/spreadsheets/d/1l-FgF1TiEp2oVGihLZlb2SHJTB6mioEcuB6hxGDGbzw/edit#gid=1130581268&range=A33:AB34
s10,5,PRINCESS SPICY,3rd,4th,R,34,L,35,A34:A34,AB35:AB35,https://docs.google.com/spreadsheets/d/1l-FgF1TiEp2oVGihLZlb2SHJTB6mioEcuB6hxGDGbzw/edit#gid=1130581268&range=A34:AB35
11,1,BIGJA,1st,2nd,L,4,R,5,A4:A4,AB5:AB5,https://docs.google.com/spreadsheets/d/1l-FgF1TiEp2oVGihLZlb2SHJTB6mioEcuB6hxGDGbzw/edit#gid=1806498582&range=A4:AB5
11,1,DERBY_DAZ,1st,2nd,R,4,L,5,A4:A4,AB5:AB5,https://docs.google.com/spreadsheets/d/1l-FgF1TiEp2oVGihLZlb2SHJTB6mioEcuB6hxGDGbzw/edit#gid=1806498582&range=A4:AB5
11,2,RAY-OF-SUNSHINE,2nd,3rd,L,12,R,13,A12:A12,AB13:AB13,https://docs.google.com/spreadsheets/d/1l-FgF1TiEp2oVGihLZlb2SHJTB6mioEcuB6hxGDGbzw/edit#gid=1806498582&range=A12:AB13
11,2,PAULV,2nd,3rd,R,12,L,13,A12:A12,AB13:AB13,https://docs.google.com/spreadsheets/d/1l-FgF1TiEp2oVGihLZlb2SHJTB6mioEcuB6hxGDGbzw/edit#gid=1806498582&range=A12:AB13
11,3,KD,1st,2nd,L,18,R,19,A18:A18,AB19:AB19,https://docs.google.com/spreadsheets/d/1l-FgF1TiEp2oVGihLZlb2SHJTB6mioEcuB6hxGDGbzw/edit#gid=1806498582&range=A18:AB19
11,3,WILL,1st,3rd,R,18,L,20,A18:A18,AB20:AB20,https://docs.google.com/spreadsheets/d/1l-FgF1TiEp2oVGihLZlb2SHJTB6mioEcuB6hxGDGbzw/edit#gid=1806498582&range=A18:AB20
11,3,AUDREY,2nd,4th,L,19,R,21,A19:A19,AB21:AB21,https://docs.google.com/spreadsheets/d/1l-FgF1TiEp2oVGihLZlb2SHJTB6mioEcuB6hxGDGbzw/edit#gid=1806498582&range=A19:AB21
11,3,GREATSEER,3rd,4th,R,20,L,21,A20:A20,AB21:AB21,https://docs.google.com/spreadsheets/d/1l-FgF1TiEp2oVGihLZlb2SHJTB6mioEcuB6hxGDGbzw/edit#gid=1806498582&range=A20:AB21
11,4,SHANNON/OLIVEOWL,1st,3rd,L,25,R,27,A25:A25,AB27:AB27,https://docs.google.com/spreadsheets/d/1l-FgF1TiEp2oVGihLZlb2SHJTB6mioEcuB6hxGDGbzw/edit#gid=1806498582&range=A25:AB27
11,4,FORE_FUN,1st,2nd,R,25,L,26,A25:A25,AB26:AB26,https://docs.google.com/spreadsheets/d/1l-FgF1TiEp2oVGihLZlb2SHJTB6mioEcuB6hxGDGbzw/edit#gid=1806498582&range=A25:AB26
11,4,PRINCESS-SPICY,2nd,4th,R,26,L,28,A26:A26,AB28:AB28,https://docs.google.com/spreadsheets/d/1l-FgF1TiEp2oVGihLZlb2SHJTB6mioEcuB6hxGDGbzw/edit#gid=1806498582&range=A26:AB28
12,1,WICKEDSHACK,3rd,4th,L,6,R,7,A6:A6,AB7:AB7,https://docs.google.com/spreadsheets/d/1l-FgF1TiEp2oVGihLZlb2SHJTB6mioEcuB6hxGDGbzw/edit#gid=1600540861&range=A6:AB7
12,1,YODA,3rd,4th,R,6,L,7,A6:A6,AB7:AB7,https://docs.google.com/spreadsheets/d/1l-FgF1TiEp2oVGihLZlb2SHJTB6mioEcuB6hxGDGbzw/edit#gid=1600540861&range=A6:AB7
12,2,PAULV-PPP,2nd,3rd,L,12,R,13,A12:A12,AB13:AB13,https://docs.google.com/spreadsheets/d/1l-FgF1TiEp2oVGihLZlb2SHJTB6mioEcuB6hxGDGbzw/edit#gid=1600540861&range=A12:AB13
12,2,RAY-OF-SUNSHINE,2nd,3rd,R,12,L,13,A12:A12,AB13:AB13,https://docs.google.com/spreadsheets/d/1l-FgF1TiEp2oVGihLZlb2SHJTB6mioEcuB6hxGDGbzw/edit#gid=1600540861&range=A12:AB13
12,3,SARAHLYNN,1st,3rd,L,18,R,20,A18:A18,AB20:AB20,https://docs.google.com/spreadsheets/d/1l-FgF1TiEp2oVGihLZlb2SHJTB6mioEcuB6hxGDGbzw/edit#gid=1600540861&range=A18:AB20
12,3,FORE FUN,1st,4th,R,18,L,21,A18:A18,AB21:AB21,https://docs.google.com/spreadsheets/d/1l-FgF1TiEp2oVGihLZlb2SHJTB6mioEcuB6hxGDGbzw/edit#gid=1600540861&range=A18:AB21
12,3,GREATSEER,3rd,4th,L,20,R,21,A20:A20,AB21:AB21,https://docs.google.com/spreadsheets/d/1l-FgF1TiEp2oVGihLZlb2SHJTB6mioEcuB6hxGDGbzw/edit#gid=1600540861&range=A20:AB21
12,4,AUDREY,1st,3rd,L,25,R,27,A25:A25,AB27:AB27,https://docs.google.com/spreadsheets/d/1l-FgF1TiEp2oVGihLZlb2SHJTB6mioEcuB6hxGDGbzw/edit#gid=1600540861&range=A25:AB27
12,4,WAREY,1st,3rd,R,25,L,27,A25:A25,AB27:AB27,https://docs.google.com/spreadsheets/d/1l-FgF1TiEp2oVGihLZlb2SHJTB6mioEcuB6hxGDGbzw/edit#gid=1600540861&range=A25:AB27
13,1,DERBY_DAZ,1st,2nd,L,4,R,5,A4:A4,AB5:AB5,https://docs.google.com/spreadsheets/d/1l-FgF1TiEp2oVGihLZlb2SHJTB6mioEcuB6hxGDGbzw/edit#gid=1083331331&range=A4:AB5
13,1,BIGJA,1st,2nd,R,4,L,5,A4:A4,AB5:AB5,https://docs.google.com/spreadsheets/d/1l-FgF1TiEp2oVGihLZlb2SHJTB6mioEcuB6hxGDGbzw/edit#gid=1083331331&range=A4:AB5
13,1,YODA,3rd,4th,L,6,R,7,A6:A6,AB7:AB7,https://docs.google.com/spreadsheets/d/1l-FgF1TiEp2oVGihLZlb2SHJTB6mioEcuB6hxGDGbzw/edit#gid=1083331331&range=A6:AB7
13,1,CHIPNPUTT,3rd,4th,R,6,L,7,A6:A6,AB7:AB7,https://docs.google.com/spreadsheets/d/1l-FgF1TiEp2oVGihLZlb2SHJTB6mioEcuB6hxGDGbzw/edit#gid=1083331331&range=A6:AB7
13,2,RAY-OF-SUNSHINE,1st,4th,L,11,R,14,A11:A11,AB14:AB14,https://docs.google.com/spreadsheets/d/1l-FgF1TiEp2oVGihLZlb2SHJTB6mioEcuB6hxGDGbzw/edit#gid=1083331331&range=A11:AB14
13,2,PAULV-PPP,1st,2nd,R,11,L,12,A11:A11,AB12:AB12,https://docs.google.com/spreadsheets/d/1l-FgF1TiEp2oVGihLZlb2SHJTB6mioEcuB6hxGDGbzw/edit#gid=1083331331&range=A11:AB12
13,2,KD,2nd,3rd,R,12,L,13,A12:A12,AB13:AB13,https://docs.google.com/spreadsheets/d/1l-FgF1TiEp2oVGihLZlb2SHJTB6mioEcuB6hxGDGbzw/edit#gid=1083331331&range=A12:AB13
13,2,WAREY,3rd,4th,R,13,L,14,A13:A13,AB14:AB14,https://docs.google.com/spreadsheets/d/1l-FgF1TiEp2oVGihLZlb2SHJTB6mioEcuB6hxGDGbzw/edit#gid=1083331331&range=A13:AB14
13,3,SPICY,1st,2nd,L,18,R,19,A18:A18,AB19:AB19,https://docs.google.com/spreadsheets/d/1l-FgF1TiEp2oVGihLZlb2SHJTB6mioEcuB6hxGDGbzw/edit#gid=1083331331&range=A18:AB19
13,3,GIO,1st,4th,R,18,L,21,A18:A18,AB21:AB21,https://docs.google.com/spreadsheets/d/1l-FgF1TiEp2oVGihLZlb2SHJTB6mioEcuB6hxGDGbzw/edit#gid=1083331331&range=A18:AB21
13,3,AUDREY,2nd,4th,L,19,R,21,A19:A19,AB21:AB21,https://docs.google.com/spreadsheets/d/1l-FgF1TiEp2oVGihLZlb2SHJTB6mioEcuB6hxGDGbzw/edit#gid=1083331331&range=A19:AB21
14,1,BIGJA,1st,2nd,L,4,R,5,A4:A4,AB5:AB5,https://docs.google.com/spreadsheets/d/1l-FgF1TiEp2oVGihLZlb2SHJTB6mioEcuB6hxGDGbzw/edit#gid=1005096364&range=A4:AB5
14,1,DERBY DAZ,1st,2nd,R,4,L,5,A4:A4,AB5:AB5,https://docs.google.com/spreadsheets/d/1l-FgF1TiEp2oVGihLZlb2SHJTB6mioEcuB6hxGDGbzw/edit#gid=1005096364&range=A4:AB5
14,2,KD,2nd,4th,L,12,R,14,A12:A12,AB14:AB14,https://docs.google.com/spreadsheets/d/1l-FgF1TiEp2oVGihLZlb2SHJTB6mioEcuB6hxGDGbzw/edit#gid=1005096364&range=A12:AB14
14,2,WAREY,2nd,3rd,R,12,L,13,A12:A12,AB13:AB13,https://docs.google.com/spreadsheets/d/1l-FgF1TiEp2oVGihLZlb2SHJTB6mioEcuB6hxGDGbzw/edit#gid=1005096364&range=A12:AB13
14,2,GIO,3rd,4th,R,13,L,14,A13:A13,AB14:AB14,https://docs.google.com/spreadsheets/d/1l-FgF1TiEp2oVGihLZlb2SHJTB6mioEcuB6hxGDGbzw/edit#gid=1005096364&range=A13:AB14
14,3,PASCAL,2nd,4th,L,19,R,21,A19:A19,AB21:AB21,https://docs.google.com/spreadsheets/d/1l-FgF1TiEp2oVGihLZlb2SHJTB6mioEcuB6hxGDGbzw/edit#gid=1005096364&range=A19:AB21
14,3,ADAMANN,2nd,4th,R,19,L,21,A19:A19,AB21:AB21,https://docs.google.com/spreadsheets/d/1l-FgF1TiEp2oVGihLZlb2SHJTB6mioEcuB6hxGDGbzw/edit#gid=1005096364&range=A19:AB21

