period	period_id	division	division_id	source_player_id	source_player_name	course	score_text	score_numeric	played_state	placement	hn1	points	raw_json_sha256
2025 December	301	Amateur 1	26	230	Earthling	Myst	-22	-22	True	1	2	202	8A9BFBCC3CF598771A80092F8914054789E67096AD14B2C1B9397DE862A38DFE
2025 December	301	Amateur 1	26	7552	IMJOMAMA	Myst	-13	-13	True	2	1	191	8A9BFBCC3CF598771A80092F8914054789E67096AD14B2C1B9397DE862A38DFE
2025 December	301	Amateur 1	26	8748	RICK	Myst	-10	-10	True	3	2	182	8A9BFBCC3CF598771A80092F8914054789E67096AD14B2C1B9397DE862A38DFE
2025 December	301	Amateur 1	26	8489	Sarahlynn727	Myst			False				8A9BFBCC3CF598771A80092F8914054789E67096AD14B2C1B9397DE862A38DFE
2025 December	301	Amateur 1	26	7552	IMJOMAMA	Myst Hard	-8	-8	True	1	1	201	8A9BFBCC3CF598771A80092F8914054789E67096AD14B2C1B9397DE862A38DFE
2025 December	301	Amateur 1	26	8748	RICK	Myst Hard	-7	-7	True	2	1	191	8A9BFBCC3CF598771A80092F8914054789E67096AD14B2C1B9397DE862A38DFE
2025 December	301	Amateur 1	26	230	Earthling	Myst Hard	4	4	True	3	0	180	8A9BFBCC3CF598771A80092F8914054789E67096AD14B2C1B9397DE862A38DFE
2025 December	301	Amateur 1	26	8489	Sarahlynn727	Myst Hard			False				8A9BFBCC3CF598771A80092F8914054789E67096AD14B2C1B9397DE862A38DFE
2025 December	301	Amateur 1	26	8489	Sarahlynn727	Shangri-La	-20	-20	True	1	4	204	8A9BFBCC3CF598771A80092F8914054789E67096AD14B2C1B9397DE862A38DFE
2025 December	301	Amateur 1	26	7552	IMJOMAMA	Shangri-La	-16	-16	True	2	3	193	8A9BFBCC3CF598771A80092F8914054789E67096AD14B2C1B9397DE862A38DFE
2025 December	301	Amateur 1	26	8748	RICK	Shangri-La	-16	-16	True	3	1	181	8A9BFBCC3CF598771A80092F8914054789E67096AD14B2C1B9397DE862A38DFE
2025 December	301	Amateur 1	26	230	Earthling	Shangri-La			False				8A9BFBCC3CF598771A80092F8914054789E67096AD14B2C1B9397DE862A38DFE
2025 December	301	Amateur 1	26	7552	IMJOMAMA	Shangri-La - Hard	-5	-5	True	1	0	200	8A9BFBCC3CF598771A80092F8914054789E67096AD14B2C1B9397DE862A38DFE
2025 December	301	Amateur 1	26	8748	RICK	Shangri-La - Hard	6	6	True	2	0	190	8A9BFBCC3CF598771A80092F8914054789E67096AD14B2C1B9397DE862A38DFE
2025 December	301	Amateur 1	26	8489	Sarahlynn727	Shangri-La - Hard			False				8A9BFBCC3CF598771A80092F8914054789E67096AD14B2C1B9397DE862A38DFE
2025 December	301	Amateur 1	26	230	Earthling	Shangri-La - Hard			False				8A9BFBCC3CF598771A80092F8914054789E67096AD14B2C1B9397DE862A38DFE
2025 December	301	Amateur 1	26	230	Earthling	Venice	-15	-15	True	1	0	200	8A9BFBCC3CF598771A80092F8914054789E67096AD14B2C1B9397DE862A38DFE
2025 December	301	Amateur 1	26	7552	IMJOMAMA	Venice	-4	-4	True	2	0	190	8A9BFBCC3CF598771A80092F8914054789E67096AD14B2C1B9397DE862A38DFE
2025 December	301	Amateur 1	26	8748	RICK	Venice	-4	-4	True	2	0	190	8A9BFBCC3CF598771A80092F8914054789E67096AD14B2C1B9397DE862A38DFE
2025 December	301	Amateur 1	26	8489	Sarahlynn727	Venice			False				8A9BFBCC3CF598771A80092F8914054789E67096AD14B2C1B9397DE862A38DFE
2025 December	301	Amateur 1	26	230	Earthling	Venice - Hard	-4	-4	True	1	0	200	8A9BFBCC3CF598771A80092F8914054789E67096AD14B2C1B9397DE862A38DFE
2025 December	301	Amateur 1	26	7552	IMJOMAMA	Venice - Hard	-3	-3	True	2	0	190	8A9BFBCC3CF598771A80092F8914054789E67096AD14B2C1B9397DE862A38DFE
2025 December	301	Amateur 1	26	8748	RICK	Venice - Hard	12	12	True	3	1	181	8A9BFBCC3CF598771A80092F8914054789E67096AD14B2C1B9397DE862A38DFE
2025 December	301	Amateur 1	26	8489	Sarahlynn727	Venice - Hard			False				8A9BFBCC3CF598771A80092F8914054789E67096AD14B2C1B9397DE862A38DFE
2025 December	301	Amateur 1	26	7552	IMJOMAMA	Viva Las Elvis	-15	-15	True	1	2	202	8A9BFBCC3CF598771A80092F8914054789E67096AD14B2C1B9397DE862A38DFE
2025 December	301	Amateur 1	26	8748	RICK	Viva Las Elvis			False				8A9BFBCC3CF598771A80092F8914054789E67096AD14B2C1B9397DE862A38DFE
2025 December	301	Amateur 1	26	8489	Sarahlynn727	Viva Las Elvis			False				8A9BFBCC3CF598771A80092F8914054789E67096AD14B2C1B9397DE862A38DFE
2025 December	301	Amateur 1	26	230	Earthling	Viva Las Elvis			False				8A9BFBCC3CF598771A80092F8914054789E67096AD14B2C1B9397DE862A38DFE
2025 December	301	Amateur 1	26	7552	IMJOMAMA	Viva Las Elvis - Hard	-1	-1	True	1	0	200	8A9BFBCC3CF598771A80092F8914054789E67096AD14B2C1B9397DE862A38DFE
2025 December	301	Amateur 1	26	8748	RICK	Viva Las Elvis - Hard	17	17	True	2	2	192	8A9BFBCC3CF598771A80092F8914054789E67096AD14B2C1B9397DE862A38DFE
2025 December	301	Amateur 1	26	8489	Sarahlynn727	Viva Las Elvis - Hard			False				8A9BFBCC3CF598771A80092F8914054789E67096AD14B2C1B9397DE862A38DFE
2025 December	301	Amateur 1	26	230	Earthling	Viva Las Elvis - Hard			False				8A9BFBCC3CF598771A80092F8914054789E67096AD14B2C1B9397DE862A38DFE
2025 December	301	Amateur 2	27	8908	Mark1703	Myst	-18	-18	True	1	3	203	20FEEAE63198EA67006DD0ECA3604B3E55D980B699BD90BEC577F1BAAC41683A
2025 December	301	Amateur 2	27	7589	SMILEROBIN	Myst	-17	-17	True	2	2	192	20FEEAE63198EA67006DD0ECA3604B3E55D980B699BD90BEC577F1BAAC41683A
2025 December	301	Amateur 2	27	8848	mamabear2002	Myst	-10	-10	True	3	2	182	20FEEAE63198EA67006DD0ECA3604B3E55D980B699BD90BEC577F1BAAC41683A
2025 December	301	Amateur 2	27	8428	Bearded_Driver	Myst	-10	-10	True	3	2	182	20FEEAE63198EA67006DD0ECA3604B3E55D980B699BD90BEC577F1BAAC41683A
2025 December	301	Amateur 2	27	8888	SHANNON_OLIVEOWL	Myst			False				20FEEAE63198EA67006DD0ECA3604B3E55D980B699BD90BEC577F1BAAC41683A
2025 December	301	Amateur 2	27	7589	SMILEROBIN	Myst Hard	-4	-4	True	1	3	203	20FEEAE63198EA67006DD0ECA3604B3E55D980B699BD90BEC577F1BAAC41683A
2025 December	301	Amateur 2	27	8428	Bearded_Driver	Myst Hard	-1	-1	True	2	1	191	20FEEAE63198EA67006DD0ECA3604B3E55D980B699BD90BEC577F1BAAC41683A
2025 December	301	Amateur 2	27	8848	mamabear2002	Myst Hard	4	4	True	3	1	181	20FEEAE63198EA67006DD0ECA3604B3E55D980B699BD90BEC577F1BAAC41683A
2025 December	301	Amateur 2	27	8888	SHANNON_OLIVEOWL	Myst Hard	12	12	True	4	0	170	20FEEAE63198EA67006DD0ECA3604B3E55D980B699BD90BEC577F1BAAC41683A
2025 December	301	Amateur 2	27	8908	Mark1703	Myst Hard			False				20FEEAE63198EA67006DD0ECA3604B3E55D980B699BD90BEC577F1BAAC41683A
2025 December	301	Amateur 2	27	7589	SMILEROBIN	Shangri-La	-16	-16	True	1	1	201	20FEEAE63198EA67006DD0ECA3604B3E55D980B699BD90BEC577F1BAAC41683A
2025 December	301	Amateur 2	27	8908	Mark1703	Shangri-La	-15	-15	True	2	2	192	20FEEAE63198EA67006DD0ECA3604B3E55D980B699BD90BEC577F1BAAC41683A
2025 December	301	Amateur 2	27	8888	SHANNON_OLIVEOWL	Shangri-La	-10	-10	True	3	1	181	20FEEAE63198EA67006DD0ECA3604B3E55D980B699BD90BEC577F1BAAC41683A
2025 December	301	Amateur 2	27	8428	Bearded_Driver	Shangri-La	-6	-6	True	4	1	171	20FEEAE63198EA67006DD0ECA3604B3E55D980B699BD90BEC577F1BAAC41683A
2025 December	301	Amateur 2	27	8848	mamabear2002	Shangri-La			False				20FEEAE63198EA67006DD0ECA3604B3E55D980B699BD90BEC577F1BAAC41683A
2025 December	301	Amateur 2	27	8908	Mark1703	Shangri-La - Hard	-8	-8	True	1	0	200	20FEEAE63198EA67006DD0ECA3604B3E55D980B699BD90BEC577F1BAAC41683A
2025 December	301	Amateur 2	27	8888	SHANNON_OLIVEOWL	Shangri-La - Hard	-1	-1	True	2	0	190	20FEEAE63198EA67006DD0ECA3604B3E55D980B699BD90BEC577F1BAAC41683A
2025 December	301	Amateur 2	27	7589	SMILEROBIN	Shangri-La - Hard	2	2	True	3	0	180	20FEEAE63198EA67006DD0ECA3604B3E55D980B699BD90BEC577F1BAAC41683A
2025 December	301	Amateur 2	27	8428	Bearded_Driver	Shangri-La - Hard	9	9	True	4	0	170	20FEEAE63198EA67006DD0ECA3604B3E55D980B699BD90BEC577F1BAAC41683A
2025 December	301	Amateur 2	27	8848	mamabear2002	Shangri-La - Hard			False				20FEEAE63198EA67006DD0ECA3604B3E55D980B699BD90BEC577F1BAAC41683A
2025 December	301	Amateur 2	27	7589	SMILEROBIN	Venice	-9	-9	True	1	0	200	20FEEAE63198EA67006DD0ECA3604B3E55D980B699BD90BEC577F1BAAC41683A
2025 December	301	Amateur 2	27	8888	SHANNON_OLIVEOWL	Venice	-7	-7	True	2	0	190	20FEEAE63198EA67006DD0ECA3604B3E55D980B699BD90BEC577F1BAAC41683A
2025 December	301	Amateur 2	27	8428	Bearded_Driver	Venice	5	5	True	3	1	181	20FEEAE63198EA67006DD0ECA3604B3E55D980B699BD90BEC577F1BAAC41683A
2025 December	301	Amateur 2	27	8848	mamabear2002	Venice			False				20FEEAE63198EA67006DD0ECA3604B3E55D980B699BD90BEC577F1BAAC41683A
2025 December	301	Amateur 2	27	8908	Mark1703	Venice			False				20FEEAE63198EA67006DD0ECA3604B3E55D980B699BD90BEC577F1BAAC41683A
2025 December	301	Amateur 2	27	7589	SMILEROBIN	Venice - Hard	0	0	True	1	0	200	20FEEAE63198EA67006DD0ECA3604B3E55D980B699BD90BEC577F1BAAC41683A
2025 December	301	Amateur 2	27	8888	SHANNON_OLIVEOWL	Venice - Hard	9	9	True	2	0	190	20FEEAE63198EA67006DD0ECA3604B3E55D980B699BD90BEC577F1BAAC41683A
2025 December	301	Amateur 2	27	8428	Bearded_Driver	Venice - Hard	15	15	True	3	0	180	20FEEAE63198EA67006DD0ECA3604B3E55D980B699BD90BEC577F1BAAC41683A
2025 December	301	Amateur 2	27	8908	Mark1703	Venice - Hard			False				20FEEAE63198EA67006DD0ECA3604B3E55D980B699BD90BEC577F1BAAC41683A
2025 December	301	Amateur 2	27	8848	mamabear2002	Venice - Hard			False				20FEEAE63198EA67006DD0ECA3604B3E55D980B699BD90BEC577F1BAAC41683A
2025 December	301	Amateur 2	27	8888	SHANNON_OLIVEOWL	Viva Las Elvis	-9	-9	True	1	2	202	20FEEAE63198EA67006DD0ECA3604B3E55D980B699BD90BEC577F1BAAC41683A
2025 December	301	Amateur 2	27	7589	SMILEROBIN	Viva Las Elvis	-7	-7	True	2	1	191	20FEEAE63198EA67006DD0ECA3604B3E55D980B699BD90BEC577F1BAAC41683A
2025 December	301	Amateur 2	27	8428	Bearded_Driver	Viva Las Elvis	-4	-4	True	3	1	181	20FEEAE63198EA67006DD0ECA3604B3E55D980B699BD90BEC577F1BAAC41683A
2025 December	301	Amateur 2	27	8848	mamabear2002	Viva Las Elvis	-3	-3	True	4	1	171	20FEEAE63198EA67006DD0ECA3604B3E55D980B699BD90BEC577F1BAAC41683A
2025 December	301	Amateur 2	27	8908	Mark1703	Viva Las Elvis			False				20FEEAE63198EA67006DD0ECA3604B3E55D980B699BD90BEC577F1BAAC41683A
2025 December	301	Amateur 2	27	7589	SMILEROBIN	Viva Las Elvis - Hard	1	1	True	1	1	201	20FEEAE63198EA67006DD0ECA3604B3E55D980B699BD90BEC577F1BAAC41683A
2025 December	301	Amateur 2	27	8888	SHANNON_OLIVEOWL	Viva Las Elvis - Hard	3	3	True	2	3	193	20FEEAE63198EA67006DD0ECA3604B3E55D980B699BD90BEC577F1BAAC41683A
2025 December	301	Amateur 2	27	8428	Bearded_Driver	Viva Las Elvis - Hard	8	8	True	3	2	182	20FEEAE63198EA67006DD0ECA3604B3E55D980B699BD90BEC577F1BAAC41683A
2025 December	301	Amateur 2	27	8848	mamabear2002	Viva Las Elvis - Hard			False				20FEEAE63198EA67006DD0ECA3604B3E55D980B699BD90BEC577F1BAAC41683A
2025 December	301	Amateur 2	27	8908	Mark1703	Viva Las Elvis - Hard			False				20FEEAE63198EA67006DD0ECA3604B3E55D980B699BD90BEC577F1BAAC41683A
2025 November	281	Amateur 1	26	8788	SlugJug33	Cherry Blossom	-24	-24	True	1	2	202	19308BFB79BFA80DCE891C31765417F14327F31F04A466CF48A8C7E50B851894
2025 November	281	Amateur 1	26	230	Earthling	Cherry Blossom	-21	-21	True	2	3	193	19308BFB79BFA80DCE891C31765417F14327F31F04A466CF48A8C7E50B851894
2025 November	281	Amateur 1	26	8708	The Real JB	Cherry Blossom	-19	-19	True	3	0	180	19308BFB79BFA80DCE891C31765417F14327F31F04A466CF48A8C7E50B851894
2025 November	281	Amateur 1	26	8748	RICK	Cherry Blossom	-18	-18	True	4	1	171	19308BFB79BFA80DCE891C31765417F14327F31F04A466CF48A8C7E50B851894
2025 November	281	Amateur 1	26	7552	IMJOMAMA	Cherry Blossom	-17	-17	True	5	2	162	19308BFB79BFA80DCE891C31765417F14327F31F04A466CF48A8C7E50B851894
2025 November	281	Amateur 1	26	8608	Audrey	Cherry Blossom	-17	-17	True	6	1	151	19308BFB79BFA80DCE891C31765417F14327F31F04A466CF48A8C7E50B851894
2025 November	281	Amateur 1	26	7589	SMILEROBIN	Cherry Blossom	-17	-17	True	7	0	140	19308BFB79BFA80DCE891C31765417F14327F31F04A466CF48A8C7E50B851894
2025 November	281	Amateur 1	26	8848	mamabear2002	Cherry Blossom	-11	-11	True	8	0	130	19308BFB79BFA80DCE891C31765417F14327F31F04A466CF48A8C7E50B851894
2025 November	281	Amateur 1	26	8428	Bearded_Driver	Cherry Blossom	-10	-10	True	9	0	120	19308BFB79BFA80DCE891C31765417F14327F31F04A466CF48A8C7E50B851894
2025 November	281	Amateur 1	26	8788	SlugJug33	Cherry Blossom Hard	-14	-14	True	1	0	200	19308BFB79BFA80DCE891C31765417F14327F31F04A466CF48A8C7E50B851894
2025 November	281	Amateur 1	26	8708	The Real JB	Cherry Blossom Hard	-10	-10	True	2	1	191	19308BFB79BFA80DCE891C31765417F14327F31F04A466CF48A8C7E50B851894
2025 November	281	Amateur 1	26	7552	IMJOMAMA	Cherry Blossom Hard	-7	-7	True	3	0	180	19308BFB79BFA80DCE891C31765417F14327F31F04A466CF48A8C7E50B851894
2025 November	281	Amateur 1	26	8428	Bearded_Driver	Cherry Blossom Hard	-4	-4	True	4	1	171	19308BFB79BFA80DCE891C31765417F14327F31F04A466CF48A8C7E50B851894
2025 November	281	Amateur 1	26	8608	Audrey	Cherry Blossom Hard	-1	-1	True	5	0	160	19308BFB79BFA80DCE891C31765417F14327F31F04A466CF48A8C7E50B851894
2025 November	281	Amateur 1	26	230	Earthling	Cherry Blossom Hard	2	2	True	6	1	151	19308BFB79BFA80DCE891C31765417F14327F31F04A466CF48A8C7E50B851894
2025 November	281	Amateur 1	26	7589	SMILEROBIN	Cherry Blossom Hard	6	6	True	7	0	140	19308BFB79BFA80DCE891C31765417F14327F31F04A466CF48A8C7E50B851894
2025 November	281	Amateur 1	26	8748	RICK	Cherry Blossom Hard	7	7	True	8	0	130	19308BFB79BFA80DCE891C31765417F14327F31F04A466CF48A8C7E50B851894
2025 November	281	Amateur 1	26	8848	mamabear2002	Cherry Blossom Hard	19	19	True	9	0	120	19308BFB79BFA80DCE891C31765417F14327F31F04A466CF48A8C7E50B851894
2025 November	281	Amateur 1	26	8708	The Real JB	Temple at Zerzura	-21	-21	True	1	2	202	19308BFB79BFA80DCE891C31765417F14327F31F04A466CF48A8C7E50B851894
2025 November	281	Amateur 1	26	8788	SlugJug33	Temple at Zerzura	-19	-19	True	2	2	192	19308BFB79BFA80DCE891C31765417F14327F31F04A466CF48A8C7E50B851894
2025 November	281	Amateur 1	26	230	Earthling	Temple at Zerzura	-14	-14	True	3	1	181	19308BFB79BFA80DCE891C31765417F14327F31F04A466CF48A8C7E50B851894
2025 November	281	Amateur 1	26	8608	Audrey	Temple at Zerzura	-11	-11	True	4	1	171	19308BFB79BFA80DCE891C31765417F14327F31F04A466CF48A8C7E50B851894
2025 November	281	Amateur 1	26	7589	SMILEROBIN	Temple at Zerzura	-10	-10	True	5	1	161	19308BFB79BFA80DCE891C31765417F14327F31F04A466CF48A8C7E50B851894
2025 November	281	Amateur 1	26	7552	IMJOMAMA	Temple at Zerzura	-6	-6	True	6	0	150	19308BFB79BFA80DCE891C31765417F14327F31F04A466CF48A8C7E50B851894
2025 November	281	Amateur 1	26	8848	mamabear2002	Temple at Zerzura	-4	-4	True	7	1	141	19308BFB79BFA80DCE891C31765417F14327F31F04A466CF48A8C7E50B851894
2025 November	281	Amateur 1	26	8748	RICK	Temple at Zerzura	0	0	True	8	0	130	19308BFB79BFA80DCE891C31765417F14327F31F04A466CF48A8C7E50B851894
2025 November	281	Amateur 1	26	8428	Bearded_Driver	Temple at Zerzura	4	4	True	9	1	121	19308BFB79BFA80DCE891C31765417F14327F31F04A466CF48A8C7E50B851894
2025 November	281	Amateur 1	26	8788	SlugJug33	Temple at Zerzura - Hard	-20	-20	True	1	3	203	19308BFB79BFA80DCE891C31765417F14327F31F04A466CF48A8C7E50B851894
2025 November	281	Amateur 1	26	8608	Audrey	Temple at Zerzura - Hard	-8	-8	True	2	1	191	19308BFB79BFA80DCE891C31765417F14327F31F04A466CF48A8C7E50B851894
2025 November	281	Amateur 1	26	8708	The Real JB	Temple at Zerzura - Hard	-6	-6	True	3	0	180	19308BFB79BFA80DCE891C31765417F14327F31F04A466CF48A8C7E50B851894
2025 November	281	Amateur 1	26	8748	RICK	Temple at Zerzura - Hard	1	1	True	4	0	170	19308BFB79BFA80DCE891C31765417F14327F31F04A466CF48A8C7E50B851894
2025 November	281	Amateur 1	26	7552	IMJOMAMA	Temple at Zerzura - Hard	2	2	True	5	1	161	19308BFB79BFA80DCE891C31765417F14327F31F04A466CF48A8C7E50B851894
2025 November	281	Amateur 1	26	8848	mamabear2002	Temple at Zerzura - Hard	3	3	True	6	1	151	19308BFB79BFA80DCE891C31765417F14327F31F04A466CF48A8C7E50B851894
2025 November	281	Amateur 1	26	230	Earthling	Temple at Zerzura - Hard	5	5	True	7	2	142	19308BFB79BFA80DCE891C31765417F14327F31F04A466CF48A8C7E50B851894
2025 November	281	Amateur 1	26	7589	SMILEROBIN	Temple at Zerzura - Hard	6	6	True	8	0	130	19308BFB79BFA80DCE891C31765417F14327F31F04A466CF48A8C7E50B851894
2025 November	281	Amateur 1	26	8428	Bearded_Driver	Temple at Zerzura - Hard	11	11	True	9	1	121	19308BFB79BFA80DCE891C31765417F14327F31F04A466CF48A8C7E50B851894
2025 November	281	Amateur 1	26	8708	The Real JB	20,000 Leagues Under The Sea	-20	-20	True	1	3	203	19308BFB79BFA80DCE891C31765417F14327F31F04A466CF48A8C7E50B851894
2025 November	281	Amateur 1	26	230	Earthling	20,000 Leagues Under The Sea	-19	-19	True	2	1	191	19308BFB79BFA80DCE891C31765417F14327F31F04A466CF48A8C7E50B851894
2025 November	281	Amateur 1	26	8788	SlugJug33	20,000 Leagues Under The Sea	-18	-18	True	3	1	181	19308BFB79BFA80DCE891C31765417F14327F31F04A466CF48A8C7E50B851894
2025 November	281	Amateur 1	26	8608	Audrey	20,000 Leagues Under The Sea	-18	-18	True	3	1	181	19308BFB79BFA80DCE891C31765417F14327F31F04A466CF48A8C7E50B851894
2025 November	281	Amateur 1	26	8428	Bearded_Driver	20,000 Leagues Under The Sea	-15	-15	True	5	3	163	19308BFB79BFA80DCE891C31765417F14327F31F04A466CF48A8C7E50B851894
2025 November	281	Amateur 1	26	7552	IMJOMAMA	20,000 Leagues Under The Sea	-15	-15	True	6	2	152	19308BFB79BFA80DCE891C31765417F14327F31F04A466CF48A8C7E50B851894
2025 November	281	Amateur 1	26	8748	RICK	20,000 Leagues Under The Sea	-12	-12	True	7	2	142	19308BFB79BFA80DCE891C31765417F14327F31F04A466CF48A8C7E50B851894
2025 November	281	Amateur 1	26	7589	SMILEROBIN	20,000 Leagues Under The Sea	-6	-6	True	8	1	131	19308BFB79BFA80DCE891C31765417F14327F31F04A466CF48A8C7E50B851894
2025 November	281	Amateur 1	26	8848	mamabear2002	20,000 Leagues Under The Sea	-5	-5	True	9	1	121	19308BFB79BFA80DCE891C31765417F14327F31F04A466CF48A8C7E50B851894
2025 November	281	Amateur 1	26	8788	SlugJug33	20,000 Leagues Hard	-16	-16	True	1	1	201	19308BFB79BFA80DCE891C31765417F14327F31F04A466CF48A8C7E50B851894
2025 November	281	Amateur 1	26	8708	The Real JB	20,000 Leagues Hard	-11	-11	True	2	0	190	19308BFB79BFA80DCE891C31765417F14327F31F04A466CF48A8C7E50B851894
2025 November	281	Amateur 1	26	8748	RICK	20,000 Leagues Hard	-11	-11	True	2	0	190	19308BFB79BFA80DCE891C31765417F14327F31F04A466CF48A8C7E50B851894
2025 November	281	Amateur 1	26	8608	Audrey	20,000 Leagues Hard	-8	-8	True	4	1	171	19308BFB79BFA80DCE891C31765417F14327F31F04A466CF48A8C7E50B851894
2025 November	281	Amateur 1	26	7589	SMILEROBIN	20,000 Leagues Hard	-8	-8	True	5	0	160	19308BFB79BFA80DCE891C31765417F14327F31F04A466CF48A8C7E50B851894
2025 November	281	Amateur 1	26	7552	IMJOMAMA	20,000 Leagues Hard	-7	-7	True	6	0	150	19308BFB79BFA80DCE891C31765417F14327F31F04A466CF48A8C7E50B851894
2025 November	281	Amateur 1	26	230	Earthling	20,000 Leagues Hard	-5	-5	True	7	1	141	19308BFB79BFA80DCE891C31765417F14327F31F04A466CF48A8C7E50B851894
2025 November	281	Amateur 1	26	8428	Bearded_Driver	20,000 Leagues Hard	0	0	True	8	0	130	19308BFB79BFA80DCE891C31765417F14327F31F04A466CF48A8C7E50B851894
2025 November	281	Amateur 1	26	8848	mamabear2002	20,000 Leagues Hard	3	3	True	9	0	120	19308BFB79BFA80DCE891C31765417F14327F31F04A466CF48A8C7E50B851894
2025 November	281	Amateur 1	26	8708	The Real JB	Forgotten Fairyland	-22	-22	True	1	4	204	19308BFB79BFA80DCE891C31765417F14327F31F04A466CF48A8C7E50B851894
2025 November	281	Amateur 1	26	8788	SlugJug33	Forgotten Fairyland	-22	-22	True	2	3	193	19308BFB79BFA80DCE891C31765417F14327F31F04A466CF48A8C7E50B851894
2025 November	281	Amateur 1	26	8608	Audrey	Forgotten Fairyland	-22	-22	True	2	3	193	19308BFB79BFA80DCE891C31765417F14327F31F04A466CF48A8C7E50B851894
2025 November	281	Amateur 1	26	8748	RICK	Forgotten Fairyland	-20	-20	True	4	2	172	19308BFB79BFA80DCE891C31765417F14327F31F04A466CF48A8C7E50B851894
2025 November	281	Amateur 1	26	8848	mamabear2002	Forgotten Fairyland	-16	-16	True	5	5	165	19308BFB79BFA80DCE891C31765417F14327F31F04A466CF48A8C7E50B851894
2025 November	281	Amateur 1	26	230	Earthling	Forgotten Fairyland	-14	-14	True	6	3	153	19308BFB79BFA80DCE891C31765417F14327F31F04A466CF48A8C7E50B851894
2025 November	281	Amateur 1	26	7552	IMJOMAMA	Forgotten Fairyland	-13	-13	True	7	2	142	19308BFB79BFA80DCE891C31765417F14327F31F04A466CF48A8C7E50B851894
2025 November	281	Amateur 1	26	7589	SMILEROBIN	Forgotten Fairyland	-12	-12	True	8	2	132	19308BFB79BFA80DCE891C31765417F14327F31F04A466CF48A8C7E50B851894
2025 November	281	Amateur 1	26	8428	Bearded_Driver	Forgotten Fairyland	-11	-11	True	9	1	121	19308BFB79BFA80DCE891C31765417F14327F31F04A466CF48A8C7E50B851894
2025 November	281	Amateur 1	26	8788	SlugJug33	Forgotten Fairyland - Hard	-12	-12	True	1	1	201	19308BFB79BFA80DCE891C31765417F14327F31F04A466CF48A8C7E50B851894
2025 November	281	Amateur 1	26	8708	The Real JB	Forgotten Fairyland - Hard	-10	-10	True	2	1	191	19308BFB79BFA80DCE891C31765417F14327F31F04A466CF48A8C7E50B851894
2025 November	281	Amateur 1	26	230	Earthling	Forgotten Fairyland - Hard	-9	-9	True	3	0	180	19308BFB79BFA80DCE891C31765417F14327F31F04A466CF48A8C7E50B851894
2025 November	281	Amateur 1	26	8748	RICK	Forgotten Fairyland - Hard	-8	-8	True	4	3	173	19308BFB79BFA80DCE891C31765417F14327F31F04A466CF48A8C7E50B851894
2025 November	281	Amateur 1	26	8608	Audrey	Forgotten Fairyland - Hard	-3	-3	True	5	2	162	19308BFB79BFA80DCE891C31765417F14327F31F04A466CF48A8C7E50B851894
2025 November	281	Amateur 1	26	8848	mamabear2002	Forgotten Fairyland - Hard	4	4	True	6	1	151	19308BFB79BFA80DCE891C31765417F14327F31F04A466CF48A8C7E50B851894
2025 November	281	Amateur 1	26	7552	IMJOMAMA	Forgotten Fairyland - Hard	5	5	True	7	2	142	19308BFB79BFA80DCE891C31765417F14327F31F04A466CF48A8C7E50B851894
2025 November	281	Amateur 1	26	8428	Bearded_Driver	Forgotten Fairyland - Hard	10	10	True	8	1	131	19308BFB79BFA80DCE891C31765417F14327F31F04A466CF48A8C7E50B851894
2025 November	281	Amateur 1	26	7589	SMILEROBIN	Forgotten Fairyland - Hard	11	11	True	9	0	120	19308BFB79BFA80DCE891C31765417F14327F31F04A466CF48A8C7E50B851894
2025 October	261	Amateur 1	26	230	Earthling	Seagull Stacks	-21	-21	True	1	3	203	6F199B4D53764E556CA5E2D3DCDFB3515C12485450E170206BF27C9F0965C7E8
2025 October	261	Amateur 1	26	8608	Audrey	Seagull Stacks	-16	-16	True	2	3	193	6F199B4D53764E556CA5E2D3DCDFB3515C12485450E170206BF27C9F0965C7E8
2025 October	261	Amateur 1	26	7589	SMILEROBIN	Seagull Stacks	-16	-16	True	3	1	181	6F199B4D53764E556CA5E2D3DCDFB3515C12485450E170206BF27C9F0965C7E8
2025 October	261	Amateur 1	26	8428	Bearded_Driver	Seagull Stacks	-12	-12	True	4	1	171	6F199B4D53764E556CA5E2D3DCDFB3515C12485450E170206BF27C9F0965C7E8
2025 October	261	Amateur 1	26	7448	ANDRIA77	Seagull Stacks			False				6F199B4D53764E556CA5E2D3DCDFB3515C12485450E170206BF27C9F0965C7E8
2025 October	261	Amateur 1	26	8028	KDK	Seagull Stacks			False				6F199B4D53764E556CA5E2D3DCDFB3515C12485450E170206BF27C9F0965C7E8
2025 October	261	Amateur 1	26	230	Earthling	Seagull Stacks - Hard	-11	-11	True	1	0	200	6F199B4D53764E556CA5E2D3DCDFB3515C12485450E170206BF27C9F0965C7E8
2025 October	261	Amateur 1	26	8608	Audrey	Seagull Stacks - Hard	-3	-3	True	2	0	190	6F199B4D53764E556CA5E2D3DCDFB3515C12485450E170206BF27C9F0965C7E8
2025 October	261	Amateur 1	26	7589	SMILEROBIN	Seagull Stacks - Hard	6	6	True	3	0	180	6F199B4D53764E556CA5E2D3DCDFB3515C12485450E170206BF27C9F0965C7E8
2025 October	261	Amateur 1	26	8428	Bearded_Driver	Seagull Stacks - Hard	13	13	True	4	0	170	6F199B4D53764E556CA5E2D3DCDFB3515C12485450E170206BF27C9F0965C7E8
2025 October	261	Amateur 1	26	8028	KDK	Seagull Stacks - Hard			False				6F199B4D53764E556CA5E2D3DCDFB3515C12485450E170206BF27C9F0965C7E8
2025 October	261	Amateur 1	26	7448	ANDRIA77	Seagull Stacks - Hard			False				6F199B4D53764E556CA5E2D3DCDFB3515C12485450E170206BF27C9F0965C7E8
2025 October	261	Amateur 1	26	7589	SMILEROBIN	Wallace & Gromit	-14	-14	True	1	4	204	6F199B4D53764E556CA5E2D3DCDFB3515C12485450E170206BF27C9F0965C7E8
2025 October	261	Amateur 1	26	8608	Audrey	Wallace & Gromit	-14	-14	True	2	3	193	6F199B4D53764E556CA5E2D3DCDFB3515C12485450E170206BF27C9F0965C7E8
2025 October	261	Amateur 1	26	230	Earthling	Wallace & Gromit	-12	-12	True	3	5	185	6F199B4D53764E556CA5E2D3DCDFB3515C12485450E170206BF27C9F0965C7E8
2025 October	261	Amateur 1	26	8428	Bearded_Driver	Wallace & Gromit	-7	-7	True	4	4	174	6F199B4D53764E556CA5E2D3DCDFB3515C12485450E170206BF27C9F0965C7E8
2025 October	261	Amateur 1	26	7448	ANDRIA77	Wallace & Gromit			False				6F199B4D53764E556CA5E2D3DCDFB3515C12485450E170206BF27C9F0965C7E8
2025 October	261	Amateur 1	26	8028	KDK	Wallace & Gromit			False				6F199B4D53764E556CA5E2D3DCDFB3515C12485450E170206BF27C9F0965C7E8
2025 October	261	Amateur 1	26	8608	Audrey	Wallace & Gromit - Hard	-7	-7	True	1	2	202	6F199B4D53764E556CA5E2D3DCDFB3515C12485450E170206BF27C9F0965C7E8
2025 October	261	Amateur 1	26	7589	SMILEROBIN	Wallace & Gromit - Hard	5	5	True	2	1	191	6F199B4D53764E556CA5E2D3DCDFB3515C12485450E170206BF27C9F0965C7E8
2025 October	261	Amateur 1	26	8428	Bearded_Driver	Wallace & Gromit - Hard	8	8	True	3	0	180	6F199B4D53764E556CA5E2D3DCDFB3515C12485450E170206BF27C9F0965C7E8
2025 October	261	Amateur 1	26	230	Earthling	Wallace & Gromit - Hard	12	12	True	4	1	171	6F199B4D53764E556CA5E2D3DCDFB3515C12485450E170206BF27C9F0965C7E8
2025 October	261	Amateur 1	26	7448	ANDRIA77	Wallace & Gromit - Hard			False				6F199B4D53764E556CA5E2D3DCDFB3515C12485450E170206BF27C9F0965C7E8
2025 October	261	Amateur 1	26	8028	KDK	Wallace & Gromit - Hard			False				6F199B4D53764E556CA5E2D3DCDFB3515C12485450E170206BF27C9F0965C7E8
2025 October	261	Amateur 1	26	8608	Audrey	8-Bit Lair	-4	-4	True	1	2	202	6F199B4D53764E556CA5E2D3DCDFB3515C12485450E170206BF27C9F0965C7E8
2025 October	261	Amateur 1	26	7589	SMILEROBIN	8-Bit Lair	1	1	True	2	1	191	6F199B4D53764E556CA5E2D3DCDFB3515C12485450E170206BF27C9F0965C7E8
2025 October	261	Amateur 1	26	8428	Bearded_Driver	8-Bit Lair	4	4	True	3	1	181	6F199B4D53764E556CA5E2D3DCDFB3515C12485450E170206BF27C9F0965C7E8
2025 October	261	Amateur 1	26	7448	ANDRIA77	8-Bit Lair			False				6F199B4D53764E556CA5E2D3DCDFB3515C12485450E170206BF27C9F0965C7E8
2025 October	261	Amateur 1	26	8028	KDK	8-Bit Lair			False				6F199B4D53764E556CA5E2D3DCDFB3515C12485450E170206BF27C9F0965C7E8
2025 October	261	Amateur 1	26	230	Earthling	8-Bit Lair			False				6F199B4D53764E556CA5E2D3DCDFB3515C12485450E170206BF27C9F0965C7E8
2025 October	261	Amateur 1	26	8608	Audrey	8-Bit Lair - Hard	-8	-8	True	1	2	202	6F199B4D53764E556CA5E2D3DCDFB3515C12485450E170206BF27C9F0965C7E8
2025 October	261	Amateur 1	26	230	Earthling	8-Bit Lair - Hard	-4	-4	True	2	1	191	6F199B4D53764E556CA5E2D3DCDFB3515C12485450E170206BF27C9F0965C7E8
2025 October	261	Amateur 1	26	8428	Bearded_Driver	8-Bit Lair - Hard	6	6	True	3	0	180	6F199B4D53764E556CA5E2D3DCDFB3515C12485450E170206BF27C9F0965C7E8
2025 October	261	Amateur 1	26	7589	SMILEROBIN	8-Bit Lair - Hard	11	11	True	4	0	170	6F199B4D53764E556CA5E2D3DCDFB3515C12485450E170206BF27C9F0965C7E8
2025 October	261	Amateur 1	26	7448	ANDRIA77	8-Bit Lair - Hard			False				6F199B4D53764E556CA5E2D3DCDFB3515C12485450E170206BF27C9F0965C7E8
2025 October	261	Amateur 1	26	8028	KDK	8-Bit Lair - Hard			False				6F199B4D53764E556CA5E2D3DCDFB3515C12485450E170206BF27C9F0965C7E8
2025 October	261	Amateur 1	26	8608	Audrey	Raptor Cliff's	-11	-11	True	1	1	201	6F199B4D53764E556CA5E2D3DCDFB3515C12485450E170206BF27C9F0965C7E8
2025 October	261	Amateur 1	26	8428	Bearded_Driver	Raptor Cliff's	-8	-8	True	2	1	191	6F199B4D53764E556CA5E2D3DCDFB3515C12485450E170206BF27C9F0965C7E8
2025 October	261	Amateur 1	26	7589	SMILEROBIN	Raptor Cliff's	-8	-8	True	2	1	191	6F199B4D53764E556CA5E2D3DCDFB3515C12485450E170206BF27C9F0965C7E8
2025 October	261	Amateur 1	26	8028	KDK	Raptor Cliff's			False				6F199B4D53764E556CA5E2D3DCDFB3515C12485450E170206BF27C9F0965C7E8
2025 October	261	Amateur 1	26	7448	ANDRIA77	Raptor Cliff's			False				6F199B4D53764E556CA5E2D3DCDFB3515C12485450E170206BF27C9F0965C7E8
2025 October	261	Amateur 1	26	230	Earthling	Raptor Cliff's			False				6F199B4D53764E556CA5E2D3DCDFB3515C12485450E170206BF27C9F0965C7E8
2025 October	261	Amateur 1	26	8608	Audrey	Raptor Cliff's - Hard	-6	-6	True	1	1	201	6F199B4D53764E556CA5E2D3DCDFB3515C12485450E170206BF27C9F0965C7E8
2025 October	261	Amateur 1	26	8428	Bearded_Driver	Raptor Cliff's - Hard	7	7	True	2	0	190	6F199B4D53764E556CA5E2D3DCDFB3515C12485450E170206BF27C9F0965C7E8
2025 October	261	Amateur 1	26	7589	SMILEROBIN	Raptor Cliff's - Hard	15	15	True	3	0	180	6F199B4D53764E556CA5E2D3DCDFB3515C12485450E170206BF27C9F0965C7E8
2025 October	261	Amateur 1	26	8028	KDK	Raptor Cliff's - Hard			False				6F199B4D53764E556CA5E2D3DCDFB3515C12485450E170206BF27C9F0965C7E8
2025 October	261	Amateur 1	26	7448	ANDRIA77	Raptor Cliff's - Hard			False				6F199B4D53764E556CA5E2D3DCDFB3515C12485450E170206BF27C9F0965C7E8
2025 October	261	Amateur 1	26	230	Earthling	Raptor Cliff's - Hard			False				6F199B4D53764E556CA5E2D3DCDFB3515C12485450E170206BF27C9F0965C7E8
2025 October	261	Amateur 2	27	8788	SlugJug33	Seagull Stacks	-20	-20	True	1	2	202	9201153BF589E643DD3E9F030FEBB25FFE0BCCFBF211D090DEF5D56A52A3697A
2025 October	261	Amateur 2	27	8489	Sarahlynn727	Seagull Stacks	-17	-17	True	2	0	190	9201153BF589E643DD3E9F030FEBB25FFE0BCCFBF211D090DEF5D56A52A3697A
2025 October	261	Amateur 2	27	8748	RICK	Seagull Stacks	-16	-16	True	3	1	181	9201153BF589E643DD3E9F030FEBB25FFE0BCCFBF211D090DEF5D56A52A3697A
2025 October	261	Amateur 2	27	8708	The Real JB	Seagull Stacks	-13	-13	True	4	0	170	9201153BF589E643DD3E9F030FEBB25FFE0BCCFBF211D090DEF5D56A52A3697A
2025 October	261	Amateur 2	27	8068	SavageMom71	Seagull Stacks	-10	-10	True	5	1	161	9201153BF589E643DD3E9F030FEBB25FFE0BCCFBF211D090DEF5D56A52A3697A
2025 October	261	Amateur 2	27	8768	Jesshsp	Seagull Stacks	-8	-8	True	6	0	150	9201153BF589E643DD3E9F030FEBB25FFE0BCCFBF211D090DEF5D56A52A3697A
2025 October	261	Amateur 2	27	8348	BIGDLONGSTROKE	Seagull Stacks			False				9201153BF589E643DD3E9F030FEBB25FFE0BCCFBF211D090DEF5D56A52A3697A
2025 October	261	Amateur 2	27	8390	Woofmaster521 (Kathy)	Seagull Stacks			False				9201153BF589E643DD3E9F030FEBB25FFE0BCCFBF211D090DEF5D56A52A3697A
2025 October	261	Amateur 2	27	8788	SlugJug33	Seagull Stacks - Hard	-6	-6	True	1	1	201	9201153BF589E643DD3E9F030FEBB25FFE0BCCFBF211D090DEF5D56A52A3697A
2025 October	261	Amateur 2	27	8708	The Real JB	Seagull Stacks - Hard	-3	-3	True	2	1	191	9201153BF589E643DD3E9F030FEBB25FFE0BCCFBF211D090DEF5D56A52A3697A
2025 October	261	Amateur 2	27	8748	RICK	Seagull Stacks - Hard	-2	-2	True	3	1	181	9201153BF589E643DD3E9F030FEBB25FFE0BCCFBF211D090DEF5D56A52A3697A
2025 October	261	Amateur 2	27	8489	Sarahlynn727	Seagull Stacks - Hard			False				9201153BF589E643DD3E9F030FEBB25FFE0BCCFBF211D090DEF5D56A52A3697A
2025 October	261	Amateur 2	27	8068	SavageMom71	Seagull Stacks - Hard			False				9201153BF589E643DD3E9F030FEBB25FFE0BCCFBF211D090DEF5D56A52A3697A
2025 October	261	Amateur 2	27	8768	Jesshsp	Seagull Stacks - Hard			False				9201153BF589E643DD3E9F030FEBB25FFE0BCCFBF211D090DEF5D56A52A3697A
2025 October	261	Amateur 2	27	8390	Woofmaster521 (Kathy)	Seagull Stacks - Hard			False				9201153BF589E643DD3E9F030FEBB25FFE0BCCFBF211D090DEF5D56A52A3697A
2025 October	261	Amateur 2	27	8348	BIGDLONGSTROKE	Seagull Stacks - Hard			False				9201153BF589E643DD3E9F030FEBB25FFE0BCCFBF211D090DEF5D56A52A3697A
2025 October	261	Amateur 2	27	8788	SlugJug33	Wallace & Gromit	-19	-19	True	1	5	205	9201153BF589E643DD3E9F030FEBB25FFE0BCCFBF211D090DEF5D56A52A3697A
2025 October	261	Amateur 2	27	8708	The Real JB	Wallace & Gromit	-16	-16	True	2	2	192	9201153BF589E643DD3E9F030FEBB25FFE0BCCFBF211D090DEF5D56A52A3697A
2025 October	261	Amateur 2	27	8748	RICK	Wallace & Gromit	-9	-9	True	3	3	183	9201153BF589E643DD3E9F030FEBB25FFE0BCCFBF211D090DEF5D56A52A3697A
2025 October	261	Amateur 2	27	8068	SavageMom71	Wallace & Gromit			False				9201153BF589E643DD3E9F030FEBB25FFE0BCCFBF211D090DEF5D56A52A3697A
2025 October	261	Amateur 2	27	8489	Sarahlynn727	Wallace & Gromit			False				9201153BF589E643DD3E9F030FEBB25FFE0BCCFBF211D090DEF5D56A52A3697A
2025 October	261	Amateur 2	27	8768	Jesshsp	Wallace & Gromit			False				9201153BF589E643DD3E9F030FEBB25FFE0BCCFBF211D090DEF5D56A52A3697A
2025 October	261	Amateur 2	27	8348	BIGDLONGSTROKE	Wallace & Gromit			False				9201153BF589E643DD3E9F030FEBB25FFE0BCCFBF211D090DEF5D56A52A3697A
2025 October	261	Amateur 2	27	8390	Woofmaster521 (Kathy)	Wallace & Gromit			False				9201153BF589E643DD3E9F030FEBB25FFE0BCCFBF211D090DEF5D56A52A3697A
2025 October	261	Amateur 2	27	8788	SlugJug33	Wallace & Gromit - Hard	-7	-7	True	1	1	201	9201153BF589E643DD3E9F030FEBB25FFE0BCCFBF211D090DEF5D56A52A3697A
2025 October	261	Amateur 2	27	8708	The Real JB	Wallace & Gromit - Hard	-2	-2	True	2	0	190	9201153BF589E643DD3E9F030FEBB25FFE0BCCFBF211D090DEF5D56A52A3697A
2025 October	261	Amateur 2	27	8748	RICK	Wallace & Gromit - Hard	16	16	True	3	0	180	9201153BF589E643DD3E9F030FEBB25FFE0BCCFBF211D090DEF5D56A52A3697A
2025 October	261	Amateur 2	27	8489	Sarahlynn727	Wallace & Gromit - Hard			False				9201153BF589E643DD3E9F030FEBB25FFE0BCCFBF211D090DEF5D56A52A3697A
2025 October	261	Amateur 2	27	8068	SavageMom71	Wallace & Gromit - Hard			False				9201153BF589E643DD3E9F030FEBB25FFE0BCCFBF211D090DEF5D56A52A3697A
2025 October	261	Amateur 2	27	8768	Jesshsp	Wallace & Gromit - Hard			False				9201153BF589E643DD3E9F030FEBB25FFE0BCCFBF211D090DEF5D56A52A3697A
2025 October	261	Amateur 2	27	8390	Woofmaster521 (Kathy)	Wallace & Gromit - Hard			False				9201153BF589E643DD3E9F030FEBB25FFE0BCCFBF211D090DEF5D56A52A3697A
2025 October	261	Amateur 2	27	8348	BIGDLONGSTROKE	Wallace & Gromit - Hard			False				9201153BF589E643DD3E9F030FEBB25FFE0BCCFBF211D090DEF5D56A52A3697A
2025 October	261	Amateur 2	27	8708	The Real JB	8-Bit Lair	-18	-18	True	1	5	205	9201153BF589E643DD3E9F030FEBB25FFE0BCCFBF211D090DEF5D56A52A3697A
2025 October	261	Amateur 2	27	8788	SlugJug33	8-Bit Lair	-15	-15	True	2	3	193	9201153BF589E643DD3E9F030FEBB25FFE0BCCFBF211D090DEF5D56A52A3697A
2025 October	261	Amateur 2	27	8748	RICK	8-Bit Lair	-4	-4	True	3	3	183	9201153BF589E643DD3E9F030FEBB25FFE0BCCFBF211D090DEF5D56A52A3697A
2025 October	261	Amateur 2	27	8768	Jesshsp	8-Bit Lair	8	8	True	4	0	170	9201153BF589E643DD3E9F030FEBB25FFE0BCCFBF211D090DEF5D56A52A3697A
2025 October	261	Amateur 2	27	8489	Sarahlynn727	8-Bit Lair			False				9201153BF589E643DD3E9F030FEBB25FFE0BCCFBF211D090DEF5D56A52A3697A
2025 October	261	Amateur 2	27	8068	SavageMom71	8-Bit Lair			False				9201153BF589E643DD3E9F030FEBB25FFE0BCCFBF211D090DEF5D56A52A3697A
2025 October	261	Amateur 2	27	8390	Woofmaster521 (Kathy)	8-Bit Lair			False				9201153BF589E643DD3E9F030FEBB25FFE0BCCFBF211D090DEF5D56A52A3697A
2025 October	261	Amateur 2	27	8348	BIGDLONGSTROKE	8-Bit Lair			False				9201153BF589E643DD3E9F030FEBB25FFE0BCCFBF211D090DEF5D56A52A3697A
2025 October	261	Amateur 2	27	8788	SlugJug33	8-Bit Lair - Hard	-7	-7	True	1	1	201	9201153BF589E643DD3E9F030FEBB25FFE0BCCFBF211D090DEF5D56A52A3697A
2025 October	261	Amateur 2	27	8708	The Real JB	8-Bit Lair - Hard	-2	-2	True	2	0	190	9201153BF589E643DD3E9F030FEBB25FFE0BCCFBF211D090DEF5D56A52A3697A
2025 October	261	Amateur 2	27	8748	RICK	8-Bit Lair - Hard	-1	-1	True	3	1	181	9201153BF589E643DD3E9F030FEBB25FFE0BCCFBF211D090DEF5D56A52A3697A
2025 October	261	Amateur 2	27	8768	Jesshsp	8-Bit Lair - Hard			False				9201153BF589E643DD3E9F030FEBB25FFE0BCCFBF211D090DEF5D56A52A3697A
2025 October	261	Amateur 2	27	8068	SavageMom71	8-Bit Lair - Hard			False				9201153BF589E643DD3E9F030FEBB25FFE0BCCFBF211D090DEF5D56A52A3697A
2025 October	261	Amateur 2	27	8489	Sarahlynn727	8-Bit Lair - Hard			False				9201153BF589E643DD3E9F030FEBB25FFE0BCCFBF211D090DEF5D56A52A3697A
2025 October	261	Amateur 2	27	8348	BIGDLONGSTROKE	8-Bit Lair - Hard			False				9201153BF589E643DD3E9F030FEBB25FFE0BCCFBF211D090DEF5D56A52A3697A
2025 October	261	Amateur 2	27	8390	Woofmaster521 (Kathy)	8-Bit Lair - Hard			False				9201153BF589E643DD3E9F030FEBB25FFE0BCCFBF211D090DEF5D56A52A3697A
2025 October	261	Amateur 2	27	8788	SlugJug33	Raptor Cliff's	-16	-16	True	1	2	202	9201153BF589E643DD3E9F030FEBB25FFE0BCCFBF211D090DEF5D56A52A3697A
2025 October	261	Amateur 2	27	8708	The Real JB	Raptor Cliff's	-13	-13	True	2	2	192	9201153BF589E643DD3E9F030FEBB25FFE0BCCFBF211D090DEF5D56A52A3697A
2025 October	261	Amateur 2	27	8390	Woofmaster521 (Kathy)	Raptor Cliff's	-9	-9	True	3	0	180	9201153BF589E643DD3E9F030FEBB25FFE0BCCFBF211D090DEF5D56A52A3697A
2025 October	261	Amateur 2	27	8748	RICK	Raptor Cliff's	-9	-9	True	3	0	180	9201153BF589E643DD3E9F030FEBB25FFE0BCCFBF211D090DEF5D56A52A3697A
2025 October	261	Amateur 2	27	8768	Jesshsp	Raptor Cliff's	8	8	True	5	1	161	9201153BF589E643DD3E9F030FEBB25FFE0BCCFBF211D090DEF5D56A52A3697A
2025 October	261	Amateur 2	27	8068	SavageMom71	Raptor Cliff's			False				9201153BF589E643DD3E9F030FEBB25FFE0BCCFBF211D090DEF5D56A52A3697A
2025 October	261	Amateur 2	27	8489	Sarahlynn727	Raptor Cliff's			False				9201153BF589E643DD3E9F030FEBB25FFE0BCCFBF211D090DEF5D56A52A3697A
2025 October	261	Amateur 2	27	8348	BIGDLONGSTROKE	Raptor Cliff's			False				9201153BF589E643DD3E9F030FEBB25FFE0BCCFBF211D090DEF5D56A52A3697A
2025 October	261	Amateur 2	27	8788	SlugJug33	Raptor Cliff's - Hard	-7	-7	True	1	2	202	9201153BF589E643DD3E9F030FEBB25FFE0BCCFBF211D090DEF5D56A52A3697A
2025 October	261	Amateur 2	27	8390	Woofmaster521 (Kathy)	Raptor Cliff's - Hard	-1	-1	True	2	1	191	9201153BF589E643DD3E9F030FEBB25FFE0BCCFBF211D090DEF5D56A52A3697A
2025 October	261	Amateur 2	27	8708	The Real JB	Raptor Cliff's - Hard	0	0	True	3	1	181	9201153BF589E643DD3E9F030FEBB25FFE0BCCFBF211D090DEF5D56A52A3697A
2025 October	261	Amateur 2	27	8748	RICK	Raptor Cliff's - Hard	6	6	True	4	1	171	9201153BF589E643DD3E9F030FEBB25FFE0BCCFBF211D090DEF5D56A52A3697A
2025 October	261	Amateur 2	27	8068	SavageMom71	Raptor Cliff's - Hard			False				9201153BF589E643DD3E9F030FEBB25FFE0BCCFBF211D090DEF5D56A52A3697A
2025 October	261	Amateur 2	27	8768	Jesshsp	Raptor Cliff's - Hard			False				9201153BF589E643DD3E9F030FEBB25FFE0BCCFBF211D090DEF5D56A52A3697A
2025 October	261	Amateur 2	27	8489	Sarahlynn727	Raptor Cliff's - Hard			False				9201153BF589E643DD3E9F030FEBB25FFE0BCCFBF211D090DEF5D56A52A3697A
2025 October	261	Amateur 2	27	8348	BIGDLONGSTROKE	Raptor Cliff's - Hard			False				9201153BF589E643DD3E9F030FEBB25FFE0BCCFBF211D090DEF5D56A52A3697A
2025 September	241	Amateur 2	27	8608	Audrey	Tourist Trap	-16	-16	True	1	2	202	29A0237E0BF6BF60329F27B421964799F2CD751414EE81E26007F124C69214A3
2025 September	241	Amateur 2	27	8390	Woofmaster521 (Kathy)	Tourist Trap	-15	-15	True	2	1	191	29A0237E0BF6BF60329F27B421964799F2CD751414EE81E26007F124C69214A3
2025 September	241	Amateur 2	27	8428	Bearded_Driver	Tourist Trap	-8	-8	True	3	1	181	29A0237E0BF6BF60329F27B421964799F2CD751414EE81E26007F124C69214A3
2025 September	241	Amateur 2	27	8348	BIGDLONGSTROKE	Tourist Trap			False				29A0237E0BF6BF60329F27B421964799F2CD751414EE81E26007F124C69214A3
2025 September	241	Amateur 2	27	230	Earthling	Tourist Trap			False				29A0237E0BF6BF60329F27B421964799F2CD751414EE81E26007F124C69214A3
2025 September	241	Amateur 2	27	8608	Audrey	Tourist Trap Hard	-7	-7	True	1	0	200	29A0237E0BF6BF60329F27B421964799F2CD751414EE81E26007F124C69214A3
2025 September	241	Amateur 2	27	8390	Woofmaster521 (Kathy)	Tourist Trap Hard	-1	-1	True	2	0	190	29A0237E0BF6BF60329F27B421964799F2CD751414EE81E26007F124C69214A3
2025 September	241	Amateur 2	27	8428	Bearded_Driver	Tourist Trap Hard	-1	-1	True	2	0	190	29A0237E0BF6BF60329F27B421964799F2CD751414EE81E26007F124C69214A3
2025 September	241	Amateur 2	27	230	Earthling	Tourist Trap Hard			False				29A0237E0BF6BF60329F27B421964799F2CD751414EE81E26007F124C69214A3
2025 September	241	Amateur 2	27	8348	BIGDLONGSTROKE	Tourist Trap Hard			False				29A0237E0BF6BF60329F27B421964799F2CD751414EE81E26007F124C69214A3
2025 September	241	Amateur 2	27	230	Earthling	Gardens of Babylon	-16	-16	True	1	2	202	29A0237E0BF6BF60329F27B421964799F2CD751414EE81E26007F124C69214A3
2025 September	241	Amateur 2	27	8608	Audrey	Gardens of Babylon	-12	-12	True	2	1	191	29A0237E0BF6BF60329F27B421964799F2CD751414EE81E26007F124C69214A3
2025 September	241	Amateur 2	27	8428	Bearded_Driver	Gardens of Babylon	-10	-10	True	3	2	182	29A0237E0BF6BF60329F27B421964799F2CD751414EE81E26007F124C69214A3
2025 September	241	Amateur 2	27	8348	BIGDLONGSTROKE	Gardens of Babylon	-10	-10	True	4	1	171	29A0237E0BF6BF60329F27B421964799F2CD751414EE81E26007F124C69214A3
2025 September	241	Amateur 2	27	8390	Woofmaster521 (Kathy)	Gardens of Babylon	-8	-8	True	5	1	161	29A0237E0BF6BF60329F27B421964799F2CD751414EE81E26007F124C69214A3
2025 September	241	Amateur 2	27	230	Earthling	Gardens of Babylon Hard	-15	-15	True	1	1	201	29A0237E0BF6BF60329F27B421964799F2CD751414EE81E26007F124C69214A3
2025 September	241	Amateur 2	27	8608	Audrey	Gardens of Babylon Hard	-8	-8	True	2	0	190	29A0237E0BF6BF60329F27B421964799F2CD751414EE81E26007F124C69214A3
2025 September	241	Amateur 2	27	8390	Woofmaster521 (Kathy)	Gardens of Babylon Hard	6	6	True	3	0	180	29A0237E0BF6BF60329F27B421964799F2CD751414EE81E26007F124C69214A3
2025 September	241	Amateur 2	27	8428	Bearded_Driver	Gardens of Babylon Hard	8	8	True	4	0	170	29A0237E0BF6BF60329F27B421964799F2CD751414EE81E26007F124C69214A3
2025 September	241	Amateur 2	27	8348	BIGDLONGSTROKE	Gardens of Babylon Hard	20	20	True	5	0	160	29A0237E0BF6BF60329F27B421964799F2CD751414EE81E26007F124C69214A3
2025 September	241	Amateur 2	27	230	Earthling	Holiday Hideaway	-14	-14	True	1	2	202	29A0237E0BF6BF60329F27B421964799F2CD751414EE81E26007F124C69214A3
2025 September	241	Amateur 2	27	8608	Audrey	Holiday Hideaway	-13	-13	True	2	2	192	29A0237E0BF6BF60329F27B421964799F2CD751414EE81E26007F124C69214A3
2025 September	241	Amateur 2	27	8390	Woofmaster521 (Kathy)	Holiday Hideaway	-4	-4	True	3	2	182	29A0237E0BF6BF60329F27B421964799F2CD751414EE81E26007F124C69214A3
2025 September	241	Amateur 2	27	8428	Bearded_Driver	Holiday Hideaway	4	4	True	4	2	172	29A0237E0BF6BF60329F27B421964799F2CD751414EE81E26007F124C69214A3
2025 September	241	Amateur 2	27	8348	BIGDLONGSTROKE	Holiday Hideaway			False				29A0237E0BF6BF60329F27B421964799F2CD751414EE81E26007F124C69214A3
2025 September	241	Amateur 2	27	8608	Audrey	Holiday Hideaway - Hard	0	0	True	1	1	201	29A0237E0BF6BF60329F27B421964799F2CD751414EE81E26007F124C69214A3
2025 September	241	Amateur 2	27	8390	Woofmaster521 (Kathy)	Holiday Hideaway - Hard	3	3	True	2	2	192	29A0237E0BF6BF60329F27B421964799F2CD751414EE81E26007F124C69214A3
2025 September	241	Amateur 2	27	230	Earthling	Holiday Hideaway - Hard	5	5	True	3	1	181	29A0237E0BF6BF60329F27B421964799F2CD751414EE81E26007F124C69214A3
2025 September	241	Amateur 2	27	8428	Bearded_Driver	Holiday Hideaway - Hard	10	10	True	4	2	172	29A0237E0BF6BF60329F27B421964799F2CD751414EE81E26007F124C69214A3
2025 September	241	Amateur 2	27	8348	BIGDLONGSTROKE	Holiday Hideaway - Hard			False				29A0237E0BF6BF60329F27B421964799F2CD751414EE81E26007F124C69214A3
2025 September	241	Amateur 2	27	230	Earthling	Tokyo	-15	-15	True	1	4	204	29A0237E0BF6BF60329F27B421964799F2CD751414EE81E26007F124C69214A3
2025 September	241	Amateur 2	27	8608	Audrey	Tokyo	-13	-13	True	2	2	192	29A0237E0BF6BF60329F27B421964799F2CD751414EE81E26007F124C69214A3
2025 September	241	Amateur 2	27	8428	Bearded_Driver	Tokyo	-12	-12	True	3	2	182	29A0237E0BF6BF60329F27B421964799F2CD751414EE81E26007F124C69214A3
2025 September	241	Amateur 2	27	8390	Woofmaster521 (Kathy)	Tokyo			False				29A0237E0BF6BF60329F27B421964799F2CD751414EE81E26007F124C69214A3
2025 September	241	Amateur 2	27	8348	BIGDLONGSTROKE	Tokyo			False				29A0237E0BF6BF60329F27B421964799F2CD751414EE81E26007F124C69214A3
2025 September	241	Amateur 2	27	8608	Audrey	Tokyo - Hard	-8	-8	True	1	0	200	29A0237E0BF6BF60329F27B421964799F2CD751414EE81E26007F124C69214A3
2025 September	241	Amateur 2	27	8428	Bearded_Driver	Tokyo - Hard	-5	-5	True	2	1	191	29A0237E0BF6BF60329F27B421964799F2CD751414EE81E26007F124C69214A3
2025 September	241	Amateur 2	27	230	Earthling	Tokyo - Hard	10	10	True	3	0	180	29A0237E0BF6BF60329F27B421964799F2CD751414EE81E26007F124C69214A3
2025 September	241	Amateur 2	27	8348	BIGDLONGSTROKE	Tokyo - Hard			False				29A0237E0BF6BF60329F27B421964799F2CD751414EE81E26007F124C69214A3
2025 September	241	Amateur 2	27	8390	Woofmaster521 (Kathy)	Tokyo - Hard			False				29A0237E0BF6BF60329F27B421964799F2CD751414EE81E26007F124C69214A3
2025 August	221	Amateur 1	26	8568	SubZero	El Dorado	-20	-20	True	1	1	201	EC12F2B3D23BDAC015FCB286E18A88FC01B1BA763C7D59EB1C7687338A33B357
2025 August	221	Amateur 1	26	8448	ZoeDarlin	El Dorado	-18	-18	True	2	2	192	EC12F2B3D23BDAC015FCB286E18A88FC01B1BA763C7D59EB1C7687338A33B357
2025 August	221	Amateur 1	26	7182	RUBBERDUCK	El Dorado	-11	-11	True	3	0	180	EC12F2B3D23BDAC015FCB286E18A88FC01B1BA763C7D59EB1C7687338A33B357
2025 August	221	Amateur 1	26	8508	Merged into 8708	El Dorado	-10	-10	True	4	0	170	EC12F2B3D23BDAC015FCB286E18A88FC01B1BA763C7D59EB1C7687338A33B357
2025 August	221	Amateur 1	26	8489	Sarahlynn727	El Dorado	-7	-7	True	5	1	161	EC12F2B3D23BDAC015FCB286E18A88FC01B1BA763C7D59EB1C7687338A33B357
2025 August	221	Amateur 1	26	8428	Bearded_Driver	El Dorado	-6	-6	True	6	1	151	EC12F2B3D23BDAC015FCB286E18A88FC01B1BA763C7D59EB1C7687338A33B357
2025 August	221	Amateur 1	26	8488	TommyGunnzFund	El Dorado	-4	-4	True	7	1	141	EC12F2B3D23BDAC015FCB286E18A88FC01B1BA763C7D59EB1C7687338A33B357
2025 August	221	Amateur 1	26	230	Earthling	El Dorado			False				EC12F2B3D23BDAC015FCB286E18A88FC01B1BA763C7D59EB1C7687338A33B357
2025 August	221	Amateur 1	26	8234	TILTBOMB	El Dorado			False				EC12F2B3D23BDAC015FCB286E18A88FC01B1BA763C7D59EB1C7687338A33B357
2025 August	221	Amateur 1	26	8168	ladybugg660	El Dorado			False				EC12F2B3D23BDAC015FCB286E18A88FC01B1BA763C7D59EB1C7687338A33B357
2025 August	221	Amateur 1	26	8348	BIGDLONGSTROKE	El Dorado			False				EC12F2B3D23BDAC015FCB286E18A88FC01B1BA763C7D59EB1C7687338A33B357
2025 August	221	Amateur 1	26	7182	RUBBERDUCK	El Dorado Hard	-12	-12	True	1	1	201	EC12F2B3D23BDAC015FCB286E18A88FC01B1BA763C7D59EB1C7687338A33B357
2025 August	221	Amateur 1	26	8508	Merged into 8708	El Dorado Hard	-8	-8	True	2	0	190	EC12F2B3D23BDAC015FCB286E18A88FC01B1BA763C7D59EB1C7687338A33B357
2025 August	221	Amateur 1	26	8448	ZoeDarlin	El Dorado Hard	-7	-7	True	3	1	181	EC12F2B3D23BDAC015FCB286E18A88FC01B1BA763C7D59EB1C7687338A33B357
2025 August	221	Amateur 1	26	8568	SubZero	El Dorado Hard	-5	-5	True	4	0	170	EC12F2B3D23BDAC015FCB286E18A88FC01B1BA763C7D59EB1C7687338A33B357
2025 August	221	Amateur 1	26	8489	Sarahlynn727	El Dorado Hard	7	7	True	5	1	161	EC12F2B3D23BDAC015FCB286E18A88FC01B1BA763C7D59EB1C7687338A33B357
2025 August	221	Amateur 1	26	8428	Bearded_Driver	El Dorado Hard	18	18	True	6	1	151	EC12F2B3D23BDAC015FCB286E18A88FC01B1BA763C7D59EB1C7687338A33B357
2025 August	221	Amateur 1	26	8488	TommyGunnzFund	El Dorado Hard	22	22	True	7	0	140	EC12F2B3D23BDAC015FCB286E18A88FC01B1BA763C7D59EB1C7687338A33B357
2025 August	221	Amateur 1	26	230	Earthling	El Dorado Hard			False				EC12F2B3D23BDAC015FCB286E18A88FC01B1BA763C7D59EB1C7687338A33B357
2025 August	221	Amateur 1	26	8234	TILTBOMB	El Dorado Hard			False				EC12F2B3D23BDAC015FCB286E18A88FC01B1BA763C7D59EB1C7687338A33B357
2025 August	221	Amateur 1	26	8168	ladybugg660	El Dorado Hard			False				EC12F2B3D23BDAC015FCB286E18A88FC01B1BA763C7D59EB1C7687338A33B357
2025 August	221	Amateur 1	26	8348	BIGDLONGSTROKE	El Dorado Hard			False				EC12F2B3D23BDAC015FCB286E18A88FC01B1BA763C7D59EB1C7687338A33B357
2025 August	221	Amateur 1	26	8568	SubZero	Atlantis	-23	-23	True	1	2	202	EC12F2B3D23BDAC015FCB286E18A88FC01B1BA763C7D59EB1C7687338A33B357
2025 August	221	Amateur 1	26	8448	ZoeDarlin	Atlantis	-21	-21	True	2	2	192	EC12F2B3D23BDAC015FCB286E18A88FC01B1BA763C7D59EB1C7687338A33B357
2025 August	221	Amateur 1	26	7182	RUBBERDUCK	Atlantis	-19	-19	True	3	0	180	EC12F2B3D23BDAC015FCB286E18A88FC01B1BA763C7D59EB1C7687338A33B357
2025 August	221	Amateur 1	26	8508	Merged into 8708	Atlantis	-15	-15	True	4	1	171	EC12F2B3D23BDAC015FCB286E18A88FC01B1BA763C7D59EB1C7687338A33B357
2025 August	221	Amateur 1	26	8428	Bearded_Driver	Atlantis	-14	-14	True	5	2	162	EC12F2B3D23BDAC015FCB286E18A88FC01B1BA763C7D59EB1C7687338A33B357
2025 August	221	Amateur 1	26	8489	Sarahlynn727	Atlantis	-14	-14	True	6	1	151	EC12F2B3D23BDAC015FCB286E18A88FC01B1BA763C7D59EB1C7687338A33B357
2025 August	221	Amateur 1	26	8488	TommyGunnzFund	Atlantis	-12	-12	True	7	2	142	EC12F2B3D23BDAC015FCB286E18A88FC01B1BA763C7D59EB1C7687338A33B357
2025 August	221	Amateur 1	26	8348	BIGDLONGSTROKE	Atlantis	-12	-12	True	7	2	142	EC12F2B3D23BDAC015FCB286E18A88FC01B1BA763C7D59EB1C7687338A33B357
2025 August	221	Amateur 1	26	230	Earthling	Atlantis			False				EC12F2B3D23BDAC015FCB286E18A88FC01B1BA763C7D59EB1C7687338A33B357
2025 August	221	Amateur 1	26	8234	TILTBOMB	Atlantis			False				EC12F2B3D23BDAC015FCB286E18A88FC01B1BA763C7D59EB1C7687338A33B357
2025 August	221	Amateur 1	26	8168	ladybugg660	Atlantis			False				EC12F2B3D23BDAC015FCB286E18A88FC01B1BA763C7D59EB1C7687338A33B357
2025 August	221	Amateur 1	26	8448	ZoeDarlin	Atlantis Hard	-10	-10	True	1	1	201	EC12F2B3D23BDAC015FCB286E18A88FC01B1BA763C7D59EB1C7687338A33B357
2025 August	221	Amateur 1	26	8488	TommyGunnzFund	Atlantis Hard	-8	-8	True	2	1	191	EC12F2B3D23BDAC015FCB286E18A88FC01B1BA763C7D59EB1C7687338A33B357
2025 August	221	Amateur 1	26	8568	SubZero	Atlantis Hard	-7	-7	True	3	1	181	EC12F2B3D23BDAC015FCB286E18A88FC01B1BA763C7D59EB1C7687338A33B357
2025 August	221	Amateur 1	26	8508	Merged into 8708	Atlantis Hard	-5	-5	True	4	1	171	EC12F2B3D23BDAC015FCB286E18A88FC01B1BA763C7D59EB1C7687338A33B357
2025 August	221	Amateur 1	26	7182	RUBBERDUCK	Atlantis Hard	-4	-4	True	5	1	161	EC12F2B3D23BDAC015FCB286E18A88FC01B1BA763C7D59EB1C7687338A33B357
2025 August	221	Amateur 1	26	8428	Bearded_Driver	Atlantis Hard	-1	-1	True	6	1	151	EC12F2B3D23BDAC015FCB286E18A88FC01B1BA763C7D59EB1C7687338A33B357
2025 August	221	Amateur 1	26	8489	Sarahlynn727	Atlantis Hard	0	0	True	7	1	141	EC12F2B3D23BDAC015FCB286E18A88FC01B1BA763C7D59EB1C7687338A33B357
2025 August	221	Amateur 1	26	8168	ladybugg660	Atlantis Hard	5	5	True	8	0	130	EC12F2B3D23BDAC015FCB286E18A88FC01B1BA763C7D59EB1C7687338A33B357
2025 August	221	Amateur 1	26	8348	BIGDLONGSTROKE	Atlantis Hard	11	11	True	9	1	121	EC12F2B3D23BDAC015FCB286E18A88FC01B1BA763C7D59EB1C7687338A33B357
2025 August	221	Amateur 1	26	230	Earthling	Atlantis Hard			False				EC12F2B3D23BDAC015FCB286E18A88FC01B1BA763C7D59EB1C7687338A33B357
2025 August	221	Amateur 1	26	8234	TILTBOMB	Atlantis Hard			False				EC12F2B3D23BDAC015FCB286E18A88FC01B1BA763C7D59EB1C7687338A33B357
2025 August	221	Amateur 1	26	8568	SubZero	Alfheim	-23	-23	True	1	5	205	EC12F2B3D23BDAC015FCB286E18A88FC01B1BA763C7D59EB1C7687338A33B357
2025 August	221	Amateur 1	26	8448	ZoeDarlin	Alfheim	-16	-16	True	2	1	191	EC12F2B3D23BDAC015FCB286E18A88FC01B1BA763C7D59EB1C7687338A33B357
2025 August	221	Amateur 1	26	8488	TommyGunnzFund	Alfheim	-13	-13	True	3	2	182	EC12F2B3D23BDAC015FCB286E18A88FC01B1BA763C7D59EB1C7687338A33B357
2025 August	221	Amateur 1	26	8508	Merged into 8708	Alfheim	-13	-13	True	3	2	182	EC12F2B3D23BDAC015FCB286E18A88FC01B1BA763C7D59EB1C7687338A33B357
2025 August	221	Amateur 1	26	7182	RUBBERDUCK	Alfheim	-12	-12	True	5	1	161	EC12F2B3D23BDAC015FCB286E18A88FC01B1BA763C7D59EB1C7687338A33B357
2025 August	221	Amateur 1	26	8489	Sarahlynn727	Alfheim	-10	-10	True	6	1	151	EC12F2B3D23BDAC015FCB286E18A88FC01B1BA763C7D59EB1C7687338A33B357
2025 August	221	Amateur 1	26	8428	Bearded_Driver	Alfheim	-1	-1	True	7	1	141	EC12F2B3D23BDAC015FCB286E18A88FC01B1BA763C7D59EB1C7687338A33B357
2025 August	221	Amateur 1	26	8168	ladybugg660	Alfheim			False				EC12F2B3D23BDAC015FCB286E18A88FC01B1BA763C7D59EB1C7687338A33B357
2025 August	221	Amateur 1	26	8234	TILTBOMB	Alfheim			False				EC12F2B3D23BDAC015FCB286E18A88FC01B1BA763C7D59EB1C7687338A33B357
2025 August	221	Amateur 1	26	8348	BIGDLONGSTROKE	Alfheim			False				EC12F2B3D23BDAC015FCB286E18A88FC01B1BA763C7D59EB1C7687338A33B357
2025 August	221	Amateur 1	26	230	Earthling	Alfheim			False				EC12F2B3D23BDAC015FCB286E18A88FC01B1BA763C7D59EB1C7687338A33B357
2025 August	221	Amateur 1	26	8448	ZoeDarlin	Alfheim Hard	-14	-14	True	1	2	202	EC12F2B3D23BDAC015FCB286E18A88FC01B1BA763C7D59EB1C7687338A33B357
2025 August	221	Amateur 1	26	7182	RUBBERDUCK	Alfheim Hard	-14	-14	True	1	2	202	EC12F2B3D23BDAC015FCB286E18A88FC01B1BA763C7D59EB1C7687338A33B357
2025 August	221	Amateur 1	26	8568	SubZero	Alfheim Hard	-8	-8	True	3	1	181	EC12F2B3D23BDAC015FCB286E18A88FC01B1BA763C7D59EB1C7687338A33B357
2025 August	221	Amateur 1	26	8489	Sarahlynn727	Alfheim Hard	-5	-5	True	4	0	170	EC12F2B3D23BDAC015FCB286E18A88FC01B1BA763C7D59EB1C7687338A33B357
2025 August	221	Amateur 1	26	8508	Merged into 8708	Alfheim Hard	-2	-2	True	5	2	162	EC12F2B3D23BDAC015FCB286E18A88FC01B1BA763C7D59EB1C7687338A33B357
2025 August	221	Amateur 1	26	8428	Bearded_Driver	Alfheim Hard	3	3	True	6	1	151	EC12F2B3D23BDAC015FCB286E18A88FC01B1BA763C7D59EB1C7687338A33B357
2025 August	221	Amateur 1	26	8488	TommyGunnzFund	Alfheim Hard	3	3	True	7	0	140	EC12F2B3D23BDAC015FCB286E18A88FC01B1BA763C7D59EB1C7687338A33B357
2025 August	221	Amateur 1	26	230	Earthling	Alfheim Hard			False				EC12F2B3D23BDAC015FCB286E18A88FC01B1BA763C7D59EB1C7687338A33B357
2025 August	221	Amateur 1	26	8234	TILTBOMB	Alfheim Hard			False				EC12F2B3D23BDAC015FCB286E18A88FC01B1BA763C7D59EB1C7687338A33B357
2025 August	221	Amateur 1	26	8168	ladybugg660	Alfheim Hard			False				EC12F2B3D23BDAC015FCB286E18A88FC01B1BA763C7D59EB1C7687338A33B357
2025 August	221	Amateur 1	26	8348	BIGDLONGSTROKE	Alfheim Hard			False				EC12F2B3D23BDAC015FCB286E18A88FC01B1BA763C7D59EB1C7687338A33B357
2025 August	221	Amateur 1	26	8568	SubZero	Ice Lair	-20	-20	True	1	1	201	EC12F2B3D23BDAC015FCB286E18A88FC01B1BA763C7D59EB1C7687338A33B357
2025 August	221	Amateur 1	26	8448	ZoeDarlin	Ice Lair	-15	-15	True	2	0	190	EC12F2B3D23BDAC015FCB286E18A88FC01B1BA763C7D59EB1C7687338A33B357
2025 August	221	Amateur 1	26	8508	Merged into 8708	Ice Lair	-15	-15	True	2	0	190	EC12F2B3D23BDAC015FCB286E18A88FC01B1BA763C7D59EB1C7687338A33B357
2025 August	221	Amateur 1	26	8488	TommyGunnzFund	Ice Lair	-13	-13	True	4	0	170	EC12F2B3D23BDAC015FCB286E18A88FC01B1BA763C7D59EB1C7687338A33B357
2025 August	221	Amateur 1	26	7182	RUBBERDUCK	Ice Lair	-12	-12	True	5	0	160	EC12F2B3D23BDAC015FCB286E18A88FC01B1BA763C7D59EB1C7687338A33B357
2025 August	221	Amateur 1	26	8428	Bearded_Driver	Ice Lair	-3	-3	True	6	2	152	EC12F2B3D23BDAC015FCB286E18A88FC01B1BA763C7D59EB1C7687338A33B357
2025 August	221	Amateur 1	26	8489	Sarahlynn727	Ice Lair	-1	-1	True	7	0	140	EC12F2B3D23BDAC015FCB286E18A88FC01B1BA763C7D59EB1C7687338A33B357
2025 August	221	Amateur 1	26	8168	ladybugg660	Ice Lair	0	0	True	8	0	130	EC12F2B3D23BDAC015FCB286E18A88FC01B1BA763C7D59EB1C7687338A33B357
2025 August	221	Amateur 1	26	8348	BIGDLONGSTROKE	Ice Lair			False				EC12F2B3D23BDAC015FCB286E18A88FC01B1BA763C7D59EB1C7687338A33B357
2025 August	221	Amateur 1	26	8234	TILTBOMB	Ice Lair			False				EC12F2B3D23BDAC015FCB286E18A88FC01B1BA763C7D59EB1C7687338A33B357
2025 August	221	Amateur 1	26	230	Earthling	Ice Lair			False				EC12F2B3D23BDAC015FCB286E18A88FC01B1BA763C7D59EB1C7687338A33B357
2025 August	221	Amateur 1	26	8568	SubZero	Ice Lair - Hard	-7	-7	True	1	0	200	EC12F2B3D23BDAC015FCB286E18A88FC01B1BA763C7D59EB1C7687338A33B357
2025 August	221	Amateur 1	26	8448	ZoeDarlin	Ice Lair - Hard	-4	-4	True	2	1	191	EC12F2B3D23BDAC015FCB286E18A88FC01B1BA763C7D59EB1C7687338A33B357
2025 August	221	Amateur 1	26	8508	Merged into 8708	Ice Lair - Hard	-4	-4	True	3	0	180	EC12F2B3D23BDAC015FCB286E18A88FC01B1BA763C7D59EB1C7687338A33B357
2025 August	221	Amateur 1	26	7182	RUBBERDUCK	Ice Lair - Hard	-3	-3	True	4	1	171	EC12F2B3D23BDAC015FCB286E18A88FC01B1BA763C7D59EB1C7687338A33B357
2025 August	221	Amateur 1	26	8489	Sarahlynn727	Ice Lair - Hard	-2	-2	True	5	1	161	EC12F2B3D23BDAC015FCB286E18A88FC01B1BA763C7D59EB1C7687338A33B357
2025 August	221	Amateur 1	26	8488	TommyGunnzFund	Ice Lair - Hard	-2	-2	True	6	0	150	EC12F2B3D23BDAC015FCB286E18A88FC01B1BA763C7D59EB1C7687338A33B357
2025 August	221	Amateur 1	26	8428	Bearded_Driver	Ice Lair - Hard	8	8	True	7	1	141	EC12F2B3D23BDAC015FCB286E18A88FC01B1BA763C7D59EB1C7687338A33B357
2025 August	221	Amateur 1	26	8168	ladybugg660	Ice Lair - Hard	14	14	True	8	0	130	EC12F2B3D23BDAC015FCB286E18A88FC01B1BA763C7D59EB1C7687338A33B357
2025 August	221	Amateur 1	26	8348	BIGDLONGSTROKE	Ice Lair - Hard			False				EC12F2B3D23BDAC015FCB286E18A88FC01B1BA763C7D59EB1C7687338A33B357
2025 August	221	Amateur 1	26	8234	TILTBOMB	Ice Lair - Hard			False				EC12F2B3D23BDAC015FCB286E18A88FC01B1BA763C7D59EB1C7687338A33B357
2025 August	221	Amateur 1	26	230	Earthling	Ice Lair - Hard			False				EC12F2B3D23BDAC015FCB286E18A88FC01B1BA763C7D59EB1C7687338A33B357
